Stock,Buyer,Qty,Stock,Seller,Qty
ACLBSL,39,20,ACLBSL,17,894.0
ACLBSL,42,154,ACLBSL,32,20.0
ACLBSL,45,400,ACLBSL,34,10.0
ACLBSL,7,360,ACLBSL,58,10.0
ADBL,1,800,ADBL,1,500.0
ADBL,10,20,ADBL,10,565.0
ADBL,13,500,ADBL,14,1500.0
ADBL,14,223,ADBL,16,3755.0
ADBL,16,2500,ADBL,17,2700.0
ADBL,18,200,ADBL,19,552.0
ADBL,22,50,ADBL,20,343.0
ADBL,26,2030,ADBL,21,343.0
ADBL,28,1000,ADBL,22,415.0
ADBL,29,500,ADBL,25,50.0
ADBL,32,270,ADBL,28,100.0
ADBL,33,249,ADBL,29,50.0
ADBL,35,160,ADBL,32,20.0
ADBL,39,400,ADBL,33,1273.0
ADBL,4,30,ADBL,34,360.0
ADBL,40,1200,ADBL,35,5000.0
ADBL,41,450,ADBL,36,20.0
ADBL,42,93,ADBL,38,100.0
ADBL,43,908,ADBL,44,1000.0
ADBL,44,2450,ADBL,45,593.0
ADBL,45,317,ADBL,47,150.0
ADBL,46,1700,ADBL,49,188.0
ADBL,47,750,ADBL,51,200.0
ADBL,48,500,ADBL,52,355.0
ADBL,49,440,ADBL,54,1496.0
ADBL,50,500,ADBL,55,30.0
ADBL,51,330,ADBL,56,100.0
ADBL,52,30,ADBL,59,1653.0
ADBL,53,550,ADBL,6,1050.0
ADBL,55,160,ADBL,8,2319.0
ADBL,57,1546,AHPC,1,150.0
ADBL,58,5207,AHPC,11,30.0
ADBL,59,567,AHPC,14,5646.0
ADBL,6,150,AHPC,16,1680.0
AHPC,1,50,AHPC,19,216.0
AHPC,10,1030,AHPC,20,100.0
AHPC,11,40,AHPC,21,220.0
AHPC,13,380,AHPC,22,1010.0
AHPC,14,1360,AHPC,25,580.0
AHPC,16,1000,AHPC,26,4199.0
AHPC,17,3567,AHPC,28,1980.0
AHPC,19,550,AHPC,29,2940.0
AHPC,21,1993,AHPC,32,1514.0
AHPC,22,50,AHPC,33,1950.0
AHPC,25,350,AHPC,34,4992.0
AHPC,26,400,AHPC,35,735.0
AHPC,28,210,AHPC,36,1800.0
AHPC,29,550,AHPC,37,723.0
AHPC,3,250,AHPC,38,4715.0
AHPC,32,200,AHPC,39,59.0
AHPC,33,227,AHPC,4,10.0
AHPC,34,1519,AHPC,40,1500.0
AHPC,35,464,AHPC,41,750.0
AHPC,36,150,AHPC,42,1073.0
AHPC,37,100,AHPC,43,1000.0
AHPC,38,1400,AHPC,44,4265.0
AHPC,39,300,AHPC,45,3596.0
AHPC,4,80,AHPC,46,300.0
AHPC,40,500,AHPC,47,150.0
AHPC,41,859,AHPC,48,1150.0
AHPC,42,1480,AHPC,49,325.0
AHPC,43,1577,AHPC,5,2290.0
AHPC,44,1010,AHPC,50,1000.0
AHPC,45,19159,AHPC,51,200.0
AHPC,46,1000,AHPC,52,400.0
AHPC,47,6076,AHPC,54,300.0
AHPC,48,180,AHPC,56,140.0
AHPC,49,1000,AHPC,57,950.0
AHPC,5,2250,AHPC,58,337.0
AHPC,50,690,AHPC,59,1736.0
AHPC,51,150,AHPC,7,315.0
AHPC,53,1500,AIL,14,20.0
AHPC,54,100,AIL,3,20.0
AHPC,55,370,AIL,38,10.0
AHPC,56,360,AIL,47,125.0
AHPC,57,725,AIL,49,20.0
AHPC,58,500,AIL,52,15.0
AHPC,59,270,AIL,58,30.0
AHPC,6,250,AIL,6,10.0
AHPC,7,300,AKJCL,14,150.0
AHPC,8,500,AKJCL,17,100.0
AIL,13,110,AKJCL,21,20.0
AIL,17,50,AKJCL,26,780.0
AIL,45,30,AKJCL,32,146.0
AIL,47,50,AKJCL,33,100.0
AIL,48,10,AKJCL,35,10.0
AKJCL,22,340,AKJCL,4,648.0
AKJCL,28,200,AKJCL,42,200.0
AKJCL,29,190,AKJCL,45,150.0
AKJCL,34,3464,AKJCL,48,50.0
AKJCL,37,50,AKJCL,49,120.0
AKJCL,41,100,AKJCL,5,150.0
AKJCL,5,550,AKJCL,52,1500.0
AKJCL,50,240,AKJCL,56,10.0
AKJCL,51,10,AKJCL,57,500.0
AKJCL,52,50,AKJCL,58,190.0
AKJCL,53,50,AKJCL,7,1000.0
AKJCL,54,200,AKPL,1,20.0
AKJCL,58,300,AKPL,10,720.0
AKJCL,8,80,AKPL,13,365.0
AKPL,1,1432,AKPL,16,2090.0
AKPL,11,300,AKPL,17,1000.0
AKPL,13,2820,AKPL,20,500.0
AKPL,16,3517,AKPL,21,500.0
AKPL,17,100,AKPL,25,1100.0
AKPL,18,50,AKPL,26,160.0
AKPL,19,300,AKPL,28,100.0
AKPL,21,750,AKPL,29,1000.0
AKPL,22,200,AKPL,32,850.0
AKPL,25,115,AKPL,33,228.0
AKPL,28,500,AKPL,34,303.0
AKPL,29,250,AKPL,35,140.0
AKPL,32,250,AKPL,37,100.0
AKPL,33,100,AKPL,38,682.0
AKPL,34,795,AKPL,4,1000.0
AKPL,35,650,AKPL,40,513.0
AKPL,36,50,AKPL,41,1160.0
AKPL,4,960,AKPL,42,616.0
AKPL,40,30,AKPL,43,50.0
AKPL,41,575,AKPL,44,1000.0
AKPL,42,755,AKPL,45,1067.0
AKPL,43,2610,AKPL,46,834.0
AKPL,44,425,AKPL,48,2150.0
AKPL,45,1700,AKPL,49,1170.0
AKPL,46,700,AKPL,50,276.0
AKPL,47,400,AKPL,51,500.0
AKPL,49,753,AKPL,52,5020.0
AKPL,5,5000,AKPL,54,100.0
AKPL,50,1205,AKPL,55,200.0
AKPL,51,350,AKPL,57,1469.0
AKPL,52,1330,AKPL,58,2569.0
AKPL,53,375,AKPL,59,40.0
AKPL,55,275,AKPL,6,60.0
AKPL,56,50,AKPL,7,30.0
AKPL,57,50,AKPL,8,300.0
AKPL,58,110,ALBSL,16,1.0
AKPL,7,150,ALBSL,7,22.0
ALBSL,16,1,ALICL,29,200.0
ALBSL,41,10,ALICL,34,500.0
ALBSL,47,12,ALICL,38,50.0
ALICL,10,500,ALICL,4,538.0
ALICL,16,128,ALICL,44,10.0
ALICL,21,1000,ALICL,45,1500.0
ALICL,25,300,ALICL,47,25.0
ALICL,49,110,ALICL,48,200.0
ALICL,5,1000,ALICL,50,1000.0
ALICL,54,50,ALICL,59,35.0
ALICL,56,1060,ALICL,6,100.0
ALICL,7,10,API,1,930.0
API,1,100,API,10,500.0
API,11,2200,API,14,930.0
API,14,1089,API,16,7997.0
API,17,362,API,17,60.0
API,19,200,API,19,3150.0
API,20,5510,API,21,750.0
API,21,1150,API,22,100.0
API,25,110,API,25,17.0
API,26,30,API,26,2909.0
API,28,1500,API,28,100.0
API,3,1100,API,29,40.0
API,32,200,API,3,42.0
API,33,241,API,32,194.0
API,34,7305,API,33,110.0
API,36,600,API,34,3424.0
API,38,100,API,35,260.0
API,39,1100,API,36,280.0
API,4,2000,API,37,100.0
API,40,200,API,39,2500.0
API,41,2886,API,4,100.0
API,42,723,API,40,147.0
API,43,600,API,41,510.0
API,44,920,API,42,320.0
API,45,580,API,43,93.0
API,46,291,API,44,160.0
API,47,2377,API,45,2216.0
API,48,2200,API,46,1597.0
API,49,54,API,47,200.0
API,51,300,API,48,190.0
API,52,3160,API,49,1472.0
API,53,400,API,50,754.0
API,55,500,API,51,139.0
API,57,530,API,52,500.0
API,58,450,API,54,50.0
API,59,80,API,55,1053.0
API,6,711,API,56,275.0
API,7,2700,API,57,4743.0
BARUN,39,100,API,58,3837.0
BARUN,41,1100,API,59,550.0
BARUN,42,220,API,6,1100.0
BARUN,45,900,API,7,160.0
BARUN,53,100,BARUN,11,500.0
BARUN,55,145,BARUN,14,25.0
BARUN,56,200,BARUN,28,25.0
BARUN,57,20,BARUN,32,20.0
BARUN,59,660,BARUN,35,420.0
BBC,57,40,BARUN,38,80.0
BFC,1,100,BARUN,39,200.0
BFC,14,200,BARUN,40,100.0
BFC,17,150,BARUN,41,250.0
BFC,19,100,BARUN,42,115.0
BFC,22,121,BARUN,45,320.0
BFC,25,100,BARUN,48,10.0
BFC,26,161,BARUN,52,260.0
BFC,28,20,BARUN,56,400.0
BFC,3,100,BARUN,57,540.0
BFC,33,100,BARUN,59,180.0
BFC,34,10,BBC,34,40.0
BFC,35,50,BFC,16,1.0
BFC,36,600,BFC,17,150.0
BFC,38,150,BFC,19,150.0
BFC,40,50,BFC,26,390.0
BFC,41,50,BFC,33,20.0
BFC,42,470,BFC,34,800.0
BFC,44,250,BFC,36,122.0
BFC,45,550,BFC,38,170.0
BFC,49,550,BFC,39,200.0
BFC,51,137,BFC,40,150.0
BFC,52,70,BFC,41,1500.0
BFC,53,360,BFC,42,459.0
BFC,55,200,BFC,49,50.0
BFC,56,100,BFC,52,1337.0
BFC,57,100,BFC,53,150.0
BFC,58,700,BFC,55,80.0
BFC,59,500,BFC,58,600.0
BFC,6,170,BOKL,1,400.0
BFC,7,110,BOKL,11,600.0
BOKL,1,300,BOKL,13,30.0
BOKL,13,840,BOKL,14,1185.0
BOKL,14,100,BOKL,16,1520.0
BOKL,16,1000,BOKL,17,2200.0
BOKL,19,200,BOKL,19,40.0
BOKL,21,300,BOKL,21,110.0
BOKL,22,185,BOKL,25,10.0
BOKL,28,246,BOKL,26,960.0
BOKL,29,250,BOKL,29,525.0
BOKL,3,220,BOKL,32,500.0
BOKL,32,1450,BOKL,33,10.0
BOKL,33,120,BOKL,34,565.0
BOKL,34,370,BOKL,35,2210.0
BOKL,35,150,BOKL,36,50.0
BOKL,36,450,BOKL,37,996.0
BOKL,38,20,BOKL,41,775.0
BOKL,39,190,BOKL,42,230.0
BOKL,4,100,BOKL,44,625.0
BOKL,40,275,BOKL,45,2310.0
BOKL,41,289,BOKL,46,970.0
BOKL,42,3066,BOKL,47,74.0
BOKL,43,215,BOKL,48,1961.0
BOKL,44,1090,BOKL,49,150.0
BOKL,45,3510,BOKL,5,250.0
BOKL,47,155,BOKL,50,600.0
BOKL,49,1050,BOKL,52,100.0
BOKL,50,1120,BOKL,53,1160.0
BOKL,51,50,BOKL,54,100.0
BOKL,52,100,BOKL,55,295.0
BOKL,54,10,BOKL,56,315.0
BOKL,56,550,BOKL,57,370.0
BOKL,57,1085,BOKL,58,1410.0
BOKL,58,1736,BOKL,59,515.0
BOKL,59,1360,BOKL,6,1536.0
BOKL,6,530,BOKL,8,1100.0
BOKL,7,4075,BPCL,11,400.0
BPCL,13,1030,BPCL,14,200.0
BPCL,14,45,BPCL,16,303.0
BPCL,16,3,BPCL,21,330.0
BPCL,17,1287,BPCL,26,30.0
BPCL,21,10,BPCL,34,72.0
BPCL,22,20,BPCL,38,200.0
BPCL,25,40,BPCL,40,710.0
BPCL,34,20,BPCL,41,43.0
BPCL,35,60,BPCL,45,235.0
BPCL,36,100,BPCL,48,590.0
BPCL,38,100,BPCL,5,200.0
BPCL,39,100,BPCL,52,26.0
BPCL,40,250,BPCL,54,445.0
BPCL,41,100,BPCL,55,308.0
BPCL,42,441,BPCL,57,100.0
BPCL,45,10,BPCL,58,126.0
BPCL,47,534,BPCL,59,113.0
BPCL,49,224,BPCL,6,793.0
BPCL,55,100,CBBL,11,15.0
BPCL,58,110,CBBL,14,89.0
BPCL,6,640,CBBL,33,56.0
CBBL,14,65,CBBL,34,275.0
CBBL,32,30,CBBL,35,20.0
CBBL,34,50,CBBL,37,261.0
CBBL,35,49,CBBL,43,25.0
CBBL,37,100,CBBL,45,56.0
CBBL,38,100,CBBL,46,10.0
CBBL,39,211,CBBL,47,250.0
CBBL,4,50,CBBL,48,40.0
CBBL,41,315,CBBL,49,100.0
CBBL,45,115,CBBL,51,130.0
CBBL,46,115,CBBL,55,280.0
CBBL,49,20,CBBL,7,49.0
CBBL,51,95,CBL,1,100.0
CBBL,52,76,CBL,14,600.0
CBBL,54,115,CBL,16,400.0
CBBL,55,65,CBL,17,500.0
CBBL,57,40,CBL,21,20.0
CBBL,58,45,CBL,22,40.0
CBL,1,550,CBL,25,680.0
CBL,10,200,CBL,26,480.0
CBL,13,500,CBL,28,1996.0
CBL,14,3050,CBL,32,7416.0
CBL,16,2281,CBL,33,250.0
CBL,17,500,CBL,34,1840.0
CBL,21,30,CBL,35,30.0
CBL,22,147,CBL,36,100.0
CBL,26,1500,CBL,38,479.0
CBL,28,700,CBL,39,1006.0
CBL,29,50,CBL,40,13.0
CBL,32,470,CBL,41,514.0
CBL,34,14878,CBL,42,1164.0
CBL,35,550,CBL,44,4000.0
CBL,36,100,CBL,45,1538.0
CBL,38,100,CBL,46,542.0
CBL,39,250,CBL,48,150.0
CBL,41,540,CBL,49,3760.0
CBL,42,344,CBL,5,50.0
CBL,43,613,CBL,50,3126.0
CBL,44,2142,CBL,53,3050.0
CBL,45,260,CBL,54,1045.0
CBL,47,1512,CBL,55,100.0
CBL,49,30,CBL,56,209.0
CBL,5,20,CBL,57,480.0
CBL,50,222,CBL,58,335.0
CBL,51,200,CBL,59,2000.0
CBL,52,300,CBL,8,47.0
CBL,53,1640,CCBL,1,54.0
CBL,54,300,CCBL,14,910.0
CBL,56,600,CCBL,16,78.0
CBL,57,2369,CCBL,21,950.0
CBL,58,72,CCBL,25,200.0
CBL,59,920,CCBL,26,556.0
CBL,6,20,CCBL,29,75.0
CBL,7,100,CCBL,3,500.0
CCBL,17,20,CCBL,32,1735.0
CCBL,20,690,CCBL,33,265.0
CCBL,21,530,CCBL,34,800.0
CCBL,28,150,CCBL,35,2949.0
CCBL,29,250,CCBL,38,240.0
CCBL,3,500,CCBL,39,100.0
CCBL,32,300,CCBL,4,30.0
CCBL,33,330,CCBL,40,300.0
CCBL,34,381,CCBL,41,80.0
CCBL,35,2437,CCBL,42,13.0
CCBL,38,100,CCBL,44,335.0
CCBL,4,150,CCBL,45,1688.0
CCBL,40,200,CCBL,49,3803.0
CCBL,41,67,CCBL,50,536.0
CCBL,42,620,CCBL,53,500.0
CCBL,44,1830,CCBL,54,520.0
CCBL,45,564,CCBL,57,660.0
CCBL,46,60,CCBL,58,7345.0
CCBL,47,10,CCBL,6,60.0
CCBL,48,2000,CCBL,8,700.0
CCBL,49,120,CFCL,14,300.0
CCBL,5,50,CFCL,16,1767.0
CCBL,51,100,CFCL,25,20.0
CCBL,52,770,CFCL,26,210.0
CCBL,53,2300,CFCL,28,500.0
CCBL,56,8878,CFCL,35,60.0
CCBL,58,530,CFCL,38,2280.0
CCBL,59,680,CFCL,39,200.0
CCBL,6,250,CFCL,4,5000.0
CCBL,7,110,CFCL,41,40.0
CCBL,8,1005,CFCL,42,11.0
CFCL,13,200,CFCL,44,200.0
CFCL,16,100,CFCL,47,100.0
CFCL,18,10,CFCL,48,300.0
CFCL,19,30,CFCL,52,1240.0
CFCL,21,1000,CFCL,59,621.0
CFCL,25,300,CFCL,6,50.0
CFCL,28,300,CFCL,8,20.0
CFCL,33,10,CGH,1,40.0
CFCL,34,510,CGH,17,20.0
CFCL,35,100,CGH,26,56.0
CFCL,37,400,CGH,34,10.0
CFCL,38,552,CGH,35,10.0
CFCL,40,300,CGH,42,10.0
CFCL,42,2100,CGH,49,70.0
CFCL,43,300,CGH,59,200.0
CFCL,45,110,CHCL,1,177.0
CFCL,46,200,CHCL,14,110.0
CFCL,48,3054,CHCL,33,650.0
CFCL,51,257,CHCL,36,230.0
CFCL,52,276,CHCL,42,15.0
CFCL,56,650,CHCL,44,210.0
CFCL,57,700,CHCL,45,100.0
CFCL,58,1110,CHCL,47,210.0
CFCL,59,300,CHCL,48,424.0
CFCL,8,50,CHCL,51,15.0
CGH,17,130,CHCL,52,200.0
CGH,28,60,CHCL,56,200.0
CGH,29,106,CHCL,57,200.0
CGH,40,10,CHCL,58,125.0
CGH,42,50,CHCL,6,270.0
CGH,50,10,CHDC,1,10.0
CGH,52,50,CHDC,17,10.0
CHCL,11,25,CHDC,21,30.0
CHCL,19,100,CHDC,22,10.0
CHCL,26,100,CHDC,25,50.0
CHCL,32,100,CHDC,26,120.0
CHCL,33,800,CHDC,34,10.0
CHCL,40,50,CHDC,35,10.0
CHCL,41,847,CHDC,36,10.0
CHCL,42,110,CHDC,38,510.0
CHCL,44,10,CHDC,39,240.0
CHCL,45,70,CHDC,4,40.0
CHCL,48,250,CHDC,41,20.0
CHCL,49,1,CHDC,42,260.0
CHCL,51,155,CHDC,44,10.0
CHCL,58,368,CHDC,45,30.0
CHCL,6,150,CHDC,46,10.0
CHDC,21,964,CHDC,47,20.0
CHDC,32,100,CHDC,48,10.0
CHDC,42,180,CHDC,49,10.0
CHDC,45,435,CHDC,51,195.0
CHDC,46,20,CHDC,54,10.0
CHDC,47,140,CHDC,55,100.0
CHDC,5,100,CHDC,56,10.0
CHDC,50,500,CHDC,58,1474.0
CHDC,53,800,CHDC,59,10.0
CHL,1,400,CHDC,7,10.0
CHL,13,300,CHDC,8,10.0
CHL,16,100,CHL,1,25.0
CHL,17,100,CHL,14,107.0
CHL,21,100,CHL,25,33.0
CHL,22,193,CHL,26,300.0
CHL,3,100,CHL,28,62.0
CHL,38,240,CHL,33,50.0
CHL,39,100,CHL,36,39.0
CHL,44,20,CHL,42,300.0
CHL,46,11,CHL,48,560.0
CHL,48,200,CHL,49,150.0
CHL,51,473,CHL,51,190.0
CHL,53,100,CHL,52,516.0
CHL,56,35,CHL,58,586.0
CHL,57,500,CHL,6,135.0
CHL,58,39,CIT,26,153.0
CHL,59,42,CIT,29,300.0
CIT,1,200,CIT,36,100.0
CIT,10,20,CIT,38,20.0
CIT,11,20,CIT,4,78.0
CIT,13,100,CIT,42,280.0
CIT,16,30,CIT,43,10.0
CIT,20,20,CIT,45,220.0
CIT,21,60,CIT,46,80.0
CIT,25,10,CIT,47,110.0
CIT,28,30,CIT,48,50.0
CIT,32,20,CIT,49,80.0
CIT,33,100,CIT,51,14.0
CIT,34,180,CIT,52,70.0
CIT,36,240,CIT,57,400.0
CIT,43,30,CIT,58,35.0
CIT,44,20,CMF1,19,8500.0
CIT,45,155,CMF1,21,4000.0
CIT,46,15,CMF1,26,1000.0
CIT,49,20,CMF2,10,1400.0
CIT,52,250,CMF2,42,100.0
CIT,53,50,CORBL,28,200.0
CIT,55,30,CZBIL,11,1000.0
CIT,57,350,CZBIL,13,100.0
CIT,58,30,CZBIL,14,6777.0
CIT,59,10,CZBIL,16,900.0
CIT,6,10,CZBIL,17,3686.0
CMF1,28,5000,CZBIL,18,500.0
CMF1,41,7500,CZBIL,19,4800.0
CMF1,45,1000,CZBIL,20,472.0
CMF2,16,500,CZBIL,21,200.0
CMF2,20,1000,CZBIL,22,200.0
CORBL,10,50,CZBIL,25,1221.0
CORBL,45,100,CZBIL,26,3310.0
CORBL,56,50,CZBIL,28,4864.0
CZBIL,1,2555,CZBIL,29,1000.0
CZBIL,10,34347,CZBIL,3,4050.0
CZBIL,13,3420,CZBIL,32,5966.0
CZBIL,14,3850,CZBIL,33,26800.0
CZBIL,16,3865,CZBIL,34,11640.0
CZBIL,17,1825,CZBIL,35,507.0
CZBIL,18,255,CZBIL,36,70.0
CZBIL,19,648,CZBIL,37,1459.0
CZBIL,21,739,CZBIL,38,571.0
CZBIL,22,1102,CZBIL,39,2427.0
CZBIL,25,1250,CZBIL,41,2194.0
CZBIL,26,2100,CZBIL,42,7520.0
CZBIL,28,468,CZBIL,43,50.0
CZBIL,29,13300,CZBIL,44,3900.0
CZBIL,3,122,CZBIL,45,10841.0
CZBIL,32,2421,CZBIL,46,360.0
CZBIL,33,1577,CZBIL,47,488.0
CZBIL,34,6530,CZBIL,48,1100.0
CZBIL,35,3360,CZBIL,49,34382.0
CZBIL,36,7300,CZBIL,50,3200.0
CZBIL,37,1196,CZBIL,51,500.0
CZBIL,38,5979,CZBIL,52,1580.0
CZBIL,39,385,CZBIL,53,1374.0
CZBIL,4,12000,CZBIL,54,5000.0
CZBIL,40,1732,CZBIL,55,1279.0
CZBIL,41,1955,CZBIL,57,4889.0
CZBIL,42,1260,CZBIL,58,3545.0
CZBIL,43,1800,CZBIL,59,12202.0
CZBIL,44,3073,CZBIL,6,60.0
CZBIL,45,12220,CZBIL,7,2053.0
CZBIL,46,576,CZBIL,8,1500.0
CZBIL,47,3311,DDBL,1,110.0
CZBIL,48,4978,DDBL,11,300.0
CZBIL,49,3665,DDBL,14,120.0
CZBIL,5,193,DDBL,21,20.0
CZBIL,50,2500,DDBL,22,1243.0
CZBIL,51,795,DDBL,3,15.0
CZBIL,52,8041,DDBL,33,200.0
CZBIL,53,2325,DDBL,35,35.0
CZBIL,54,850,DDBL,36,80.0
CZBIL,55,2280,DDBL,38,80.0
CZBIL,56,2360,DDBL,42,380.0
CZBIL,57,5303,DDBL,45,280.0
CZBIL,58,3128,DDBL,46,93.0
CZBIL,59,550,DDBL,48,95.0
CZBIL,6,5208,DDBL,49,30.0
CZBIL,7,690,DDBL,5,300.0
CZBIL,8,1150,DDBL,50,95.0
DDBL,1,135,DDBL,52,10.0
DDBL,10,20,DHPL,16,70.0
DDBL,13,25,DHPL,17,30.0
DDBL,14,10,DHPL,33,25.0
DDBL,16,12,DHPL,39,50.0
DDBL,22,90,DHPL,4,100.0
DDBL,26,20,DHPL,40,10.0
DDBL,34,35,DHPL,41,20.0
DDBL,35,185,DHPL,45,338.0
DDBL,39,408,DHPL,48,200.0
DDBL,4,100,DHPL,52,28.0
DDBL,41,410,DHPL,58,108.0
DDBL,42,440,DHPL,6,500.0
DDBL,45,150,DHPL,7,290.0
DDBL,46,50,EBL,10,870.0
DDBL,47,30,EBL,13,300.0
DDBL,48,10,EBL,14,130.0
DDBL,50,48,EBL,16,100.0
DDBL,51,98,EBL,17,550.0
DDBL,53,30,EBL,18,500.0
DDBL,55,20,EBL,19,50.0
DDBL,57,290,EBL,21,30.0
DDBL,58,230,EBL,22,150.0
DDBL,6,300,EBL,25,370.0
DDBL,8,340,EBL,26,749.0
DHPL,11,13,EBL,28,750.0
DHPL,16,60,EBL,29,1000.0
DHPL,32,356,EBL,3,422.0
DHPL,33,208,EBL,32,860.0
DHPL,34,100,EBL,33,4186.0
DHPL,40,70,EBL,34,900.0
DHPL,41,20,EBL,35,350.0
DHPL,50,100,EBL,36,80.0
DHPL,52,50,EBL,38,50.0
DHPL,55,100,EBL,39,500.0
DHPL,57,250,EBL,40,293.0
DHPL,58,392,EBL,41,300.0
DHPL,6,50,EBL,43,850.0
EBL,10,1240,EBL,44,500.0
EBL,11,400,EBL,45,1490.0
EBL,13,150,EBL,46,2829.0
EBL,14,20,EBL,48,50.0
EBL,17,900,EBL,50,1421.0
EBL,19,1500,EBL,52,17.0
EBL,20,100,EBL,53,40.0
EBL,21,1800,EBL,56,100.0
EBL,22,120,EBL,57,415.0
EBL,25,15,EBL,58,333.0
EBL,29,2730,EBL,6,10.0
EBL,32,360,EDBL,10,129.0
EBL,33,500,EDBL,13,41.0
EBL,34,500,EDBL,17,200.0
EBL,37,200,EDBL,20,140.0
EBL,38,200,EDBL,21,100.0
EBL,4,20,EDBL,34,245.0
EBL,40,30,EDBL,35,60.0
EBL,42,330,EDBL,36,100.0
EBL,43,80,EDBL,39,54.0
EBL,44,555,EDBL,44,210.0
EBL,45,5275,EDBL,45,80.0
EBL,48,126,EDBL,49,100.0
EBL,49,535,EDBL,55,290.0
EBL,51,200,EDBL,7,20.0
EBL,55,150,EIC,28,50.0
EBL,57,2117,EIC,3,1000.0
EBL,58,212,EIC,38,30.0
EBL,59,800,EIC,46,300.0
EBL,6,330,EIC,49,216.0
EBL,7,50,FMDBL,13,500.0
EDBL,16,240,FMDBL,14,400.0
EDBL,17,755,FMDBL,25,50.0
EDBL,22,60,FMDBL,3,492.0
EDBL,33,130,FMDBL,39,100.0
EDBL,34,60,FMDBL,4,400.0
EDBL,41,84,FMDBL,46,20.0
EDBL,44,10,FMDBL,47,150.0
EDBL,48,70,FMDBL,55,20.0
EDBL,49,40,FMDBL,56,450.0
EDBL,50,100,FMDBL,57,200.0
EDBL,51,10,FOWAD,16,50.0
EDBL,56,100,FOWAD,17,31.0
EDBL,57,100,FOWAD,32,30.0
EDBL,58,10,FOWAD,40,62.0
EIC,10,200,FOWAD,42,49.0
EIC,29,400,FOWAD,45,100.0
EIC,34,130,FOWAD,49,10.0
EIC,42,272,GBBL,1,97.0
EIC,43,160,GBBL,11,324.0
EIC,46,50,GBBL,14,300.0
EIC,49,10,GBBL,16,8528.0
EIC,5,30,GBBL,17,52.0
EIC,50,10,GBBL,19,300.0
EIC,6,334,GBBL,21,50.0
FMDBL,13,125,GBBL,22,100.0
FMDBL,26,547,GBBL,25,50.0
FMDBL,32,50,GBBL,26,2100.0
FMDBL,36,10,GBBL,28,600.0
FMDBL,42,1550,GBBL,29,1180.0
FMDBL,50,500,GBBL,3,2000.0
FOWAD,22,80,GBBL,33,4245.0
FOWAD,25,14,GBBL,34,1270.0
FOWAD,38,97,GBBL,36,610.0
FOWAD,41,11,GBBL,38,3626.0
FOWAD,42,110,GBBL,39,75.0
FOWAD,57,20,GBBL,4,973.0
GBBL,1,701,GBBL,41,1850.0
GBBL,10,300,GBBL,42,910.0
GBBL,13,350,GBBL,43,100.0
GBBL,14,305,GBBL,44,508.0
GBBL,17,860,GBBL,45,336.0
GBBL,19,1211,GBBL,46,150.0
GBBL,21,500,GBBL,47,200.0
GBBL,22,430,GBBL,48,130.0
GBBL,25,10,GBBL,49,3280.0
GBBL,3,1050,GBBL,5,248.0
GBBL,32,1739,GBBL,50,3210.0
GBBL,33,400,GBBL,51,100.0
GBBL,34,4752,GBBL,52,1000.0
GBBL,35,846,GBBL,55,43.0
GBBL,36,2360,GBBL,56,50.0
GBBL,37,200,GBBL,57,1100.0
GBBL,38,552,GBBL,58,322.0
GBBL,39,6358,GBBL,59,300.0
GBBL,4,300,GBBL,6,100.0
GBBL,41,410,GBIME,1,130.0
GBBL,42,4203,GBIME,14,3649.0
GBBL,43,2000,GBIME,16,410.0
GBBL,44,110,GBIME,17,2500.0
GBBL,45,695,GBIME,19,1215.0
GBBL,46,320,GBIME,21,2198.0
GBBL,47,700,GBIME,22,150.0
GBBL,48,150,GBIME,25,184.0
GBBL,49,276,GBIME,26,1140.0
GBBL,50,50,GBIME,28,200.0
GBBL,51,90,GBIME,29,2095.0
GBBL,52,1545,GBIME,3,1400.0
GBBL,53,670,GBIME,32,946.0
GBBL,56,350,GBIME,34,566.0
GBBL,57,2240,GBIME,35,1212.0
GBBL,58,1679,GBIME,39,760.0
GBBL,59,1110,GBIME,4,1255.0
GBBL,6,595,GBIME,40,197.0
GBIME,1,100,GBIME,41,1661.0
GBIME,10,100,GBIME,43,2111.0
GBIME,11,100,GBIME,44,1711.0
GBIME,13,1841,GBIME,45,450.0
GBIME,14,200,GBIME,46,765.0
GBIME,16,600,GBIME,49,5700.0
GBIME,17,238,GBIME,5,100.0
GBIME,19,80,GBIME,50,1200.0
GBIME,20,100,GBIME,51,25.0
GBIME,21,1013,GBIME,52,3016.0
GBIME,22,12,GBIME,53,1000.0
GBIME,26,250,GBIME,54,67.0
GBIME,28,410,GBIME,55,166.0
GBIME,29,2538,GBIME,56,240.0
GBIME,3,1600,GBIME,57,252.0
GBIME,32,4340,GBIME,58,1385.0
GBIME,33,50,GBIME,59,350.0
GBIME,34,2180,GBIME,6,1165.0
GBIME,35,1470,GBIME,8,774.0
GBIME,36,550,GBLBS,14,300.0
GBIME,38,1485,GBLBS,28,350.0
GBIME,39,1050,GBLBS,3,300.0
GBIME,40,500,GBLBS,32,20.0
GBIME,41,1194,GBLBS,33,10.0
GBIME,42,1358,GBLBS,4,460.0
GBIME,44,240,GBLBS,44,10.0
GBIME,45,1862,GBLBS,48,75.0
GBIME,46,390,GBLBS,49,80.0
GBIME,47,870,GBLBS,50,1500.0
GBIME,48,420,GBLBS,55,30.0
GBIME,49,460,GBLBS,58,10.0
GBIME,5,200,GFCL,10,75.0
GBIME,50,783,GFCL,14,530.0
GBIME,51,591,GFCL,20,140.0
GBIME,52,380,GFCL,21,150.0
GBIME,53,1234,GFCL,22,100.0
GBIME,54,5075,GFCL,26,500.0
GBIME,55,150,GFCL,28,30.0
GBIME,56,450,GFCL,3,160.0
GBIME,57,1896,GFCL,33,605.0
GBIME,58,1741,GFCL,34,20.0
GBIME,59,1090,GFCL,36,100.0
GBIME,6,700,GFCL,41,300.0
GBIME,7,250,GFCL,42,60.0
GBIME,8,204,GFCL,48,70.0
GBLBS,10,200,GFCL,49,385.0
GBLBS,25,40,GFCL,50,1350.0
GBLBS,37,20,GFCL,52,310.0
GBLBS,39,200,GFCL,53,200.0
GBLBS,4,100,GFCL,57,60.0
GBLBS,42,10,GFCL,58,135.0
GBLBS,44,1100,GHL,17,10.0
GBLBS,45,100,GHL,19,50.0
GBLBS,49,10,GHL,32,100.0
GBLBS,53,800,GHL,38,100.0
GBLBS,54,290,GHL,46,2560.0
GBLBS,58,25,GHL,50,210.0
GBLBS,6,200,GHL,55,100.0
GBLBS,7,50,GHL,58,20.0
GFCL,13,60,GHL,7,30.0
GFCL,19,1190,GIC,14,10.0
GFCL,21,10,GIC,21,20.0
GFCL,28,100,GIC,42,10.0
GFCL,32,100,GIC,49,10.0
GFCL,33,500,GIC,50,20.0
GFCL,34,100,GIC,56,30.0
GFCL,35,10,GIC,58,20.0
GFCL,38,100,GIC,59,10.0
GFCL,40,100,GILB,20,200.0
GFCL,41,50,GILB,28,10.0
GFCL,42,1000,GILB,29,12.0
GFCL,44,200,GILB,45,188.0
GFCL,45,260,GILB,47,50.0
GFCL,47,600,GILB,58,33.0
GFCL,53,20,GIMES1,38,800.0
GFCL,56,35,GLH,14,425.0
GFCL,57,75,GLH,21,30.0
GFCL,58,270,GLH,22,10.0
GFCL,6,500,GLH,34,10.0
GHL,16,10,GLH,35,10.0
GHL,39,1000,GLH,38,40.0
GHL,45,100,GLH,4,10.0
GHL,46,1000,GLH,41,10.0
GHL,47,10,GLH,42,10.0
GHL,49,20,GLH,43,10.0
GHL,52,15,GLH,45,10.0
GHL,55,120,GLH,47,10.0
GHL,57,210,GLH,48,10.0
GHL,58,300,GLH,5,60.0
GHL,7,395,GLH,50,10.0
GIC,14,10,GLH,51,10.0
GIC,20,20,GLH,58,10.0
GIC,26,40,GLH,59,40.0
GIC,42,20,GLH,7,10.0
GIC,47,20,GLH,8,10.0
GIC,56,20,GLICL,1,200.0
GILB,1,10,GLICL,17,13.0
GILB,11,93,GLICL,28,500.0
GILB,29,20,GLICL,3,300.0
GILB,38,100,GLICL,34,145.0
GILB,46,30,GLICL,38,344.0
GILB,47,90,GLICL,52,16.0
GILB,52,50,GLICL,58,194.0
GILB,53,50,GMFIL,1,40.0
GILB,59,50,GMFIL,16,2000.0
GIMES1,41,800,GMFIL,17,10.0
GLH,13,20,GMFIL,22,100.0
GLH,19,10,GMFIL,26,400.0
GLH,28,90,GMFIL,3,50.0
GLH,32,50,GMFIL,39,650.0
GLH,43,30,GMFIL,42,20.0
GLH,44,20,GMFIL,44,225.0
GLH,45,30,GMFIL,52,160.0
GLH,49,50,GMFIL,53,460.0
GLH,53,10,GMFIL,58,60.0
GLH,58,10,GRDBL,13,20.0
GLH,8,425,GRDBL,17,50.0
GLICL,14,200,GRDBL,22,100.0
GLICL,22,140,GRDBL,34,895.0
GLICL,25,145,GRDBL,4,1000.0
GLICL,28,50,GRDBL,41,120.0
GLICL,34,123,GRDBL,42,25.0
GLICL,42,25,GRDBL,43,30.0
GLICL,43,50,GRDBL,54,180.0
GLICL,44,200,GRDBL,58,30.0
GLICL,45,50,GUFL,25,25.0
GLICL,55,100,GUFL,28,250.0
GLICL,57,300,GUFL,36,19.0
GLICL,58,54,GUFL,38,1698.0
GLICL,6,275,GUFL,39,10.0
GMFIL,14,100,GUFL,48,5000.0
GMFIL,17,3380,GUFL,49,95.0
GMFIL,28,200,GUFL,54,10.0
GMFIL,43,100,HDHPC,1,2000.0
GMFIL,45,10,HDHPC,10,590.0
GMFIL,51,125,HDHPC,11,20.0
GMFIL,57,250,HDHPC,14,110.0
GMFIL,58,10,HDHPC,17,150.0
GRDBL,16,1035,HDHPC,21,80.0
GRDBL,17,10,HDHPC,22,50.0
GRDBL,22,10,HDHPC,25,100.0
GRDBL,39,500,HDHPC,26,2300.0
GRDBL,41,300,HDHPC,28,1700.0
GRDBL,51,60,HDHPC,32,1597.0
GRDBL,52,200,HDHPC,33,10.0
GRDBL,53,210,HDHPC,34,1510.0
GRDBL,56,55,HDHPC,35,60.0
GRDBL,58,70,HDHPC,36,1264.0
GUFL,13,25,HDHPC,38,2040.0
GUFL,17,250,HDHPC,39,1150.0
GUFL,32,10,HDHPC,4,1000.0
GUFL,34,100,HDHPC,40,100.0
GUFL,42,1000,HDHPC,42,955.0
GUFL,48,5162,HDHPC,44,1055.0
GUFL,51,10,HDHPC,45,970.0
GUFL,55,150,HDHPC,49,50.0
GUFL,57,100,HDHPC,50,100.0
GUFL,7,300,HDHPC,51,190.0
HDHPC,10,100,HDHPC,52,70.0
HDHPC,11,1100,HDHPC,55,399.0
HDHPC,16,110,HDHPC,58,850.0
HDHPC,19,390,HDHPC,59,1193.0
HDHPC,20,3200,HDHPC,6,200.0
HDHPC,21,370,HDL,16,10.0
HDHPC,26,200,HDL,25,100.0
HDHPC,32,250,HDL,26,2030.0
HDHPC,39,3750,HDL,28,50.0
HDHPC,4,100,HDL,33,50.0
HDHPC,41,670,HDL,34,50.0
HDHPC,43,100,HDL,35,50.0
HDHPC,45,943,HDL,36,100.0
HDHPC,48,6250,HDL,43,10.0
HDHPC,49,470,HDL,44,25.0
HDHPC,5,200,HDL,45,119.0
HDHPC,50,1800,HDL,47,100.0
HDHPC,52,90,HDL,49,10.0
HDHPC,54,100,HDL,52,60.0
HDHPC,57,200,HDL,55,95.0
HDHPC,58,400,HDL,57,150.0
HDHPC,6,70,HDL,58,45.0
HDHPC,7,1000,HDL,59,10.0
HDL,1,10,HDL,7,10.0
HDL,14,19,HGI,21,100.0
HDL,16,30,HGI,34,200.0
HDL,17,50,HGI,35,131.0
HDL,18,20,HGI,38,200.0
HDL,25,450,HGI,45,180.0
HDL,26,115,HGI,55,29.0
HDL,28,65,HIDCL,1,31.0
HDL,32,10,HIDCL,10,100.0
HDL,33,110,HIDCL,14,1100.0
HDL,34,70,HIDCL,19,130.0
HDL,35,260,HIDCL,21,250.0
HDL,36,45,HIDCL,25,330.0
HDL,37,50,HIDCL,26,250.0
HDL,4,75,HIDCL,28,968.0
HDL,41,40,HIDCL,32,1500.0
HDL,42,100,HIDCL,33,495.0
HDL,43,65,HIDCL,34,361.0
HDL,45,500,HIDCL,35,200.0
HDL,46,10,HIDCL,36,200.0
HDL,47,36,HIDCL,38,200.0
HDL,48,100,HIDCL,39,12.0
HDL,49,130,HIDCL,41,131.0
HDL,50,74,HIDCL,42,300.0
HDL,51,15,HIDCL,45,1500.0
HDL,54,10,HIDCL,49,916.0
HDL,55,100,HIDCL,5,1000.0
HDL,56,80,HIDCL,50,928.0
HDL,57,20,HIDCL,52,1610.0
HDL,58,55,HIDCL,53,50.0
HDL,59,320,HIDCL,54,20.0
HDL,6,40,HIDCL,55,259.0
HGI,29,200,HIDCL,56,120.0
HGI,32,200,HIDCL,57,560.0
HGI,41,19,HIDCL,58,341.0
HGI,45,231,HIDCL,6,3100.0
HGI,52,190,HIDCL,8,20.0
HIDCL,1,180,HPPL,11,150.0
HIDCL,14,200,HPPL,29,50.0
HIDCL,16,730,HPPL,32,30.0
HIDCL,20,5000,HPPL,33,90.0
HIDCL,21,260,HPPL,35,100.0
HIDCL,26,100,HPPL,36,40.0
HIDCL,28,1206,HPPL,39,100.0
HIDCL,32,131,HPPL,41,400.0
HIDCL,34,1847,HPPL,42,10.0
HIDCL,35,100,HPPL,43,80.0
HIDCL,39,501,HPPL,44,10.0
HIDCL,41,510,HPPL,48,400.0
HIDCL,42,480,HPPL,52,198.0
HIDCL,43,30,HPPL,55,10.0
HIDCL,44,200,HPPL,57,310.0
HIDCL,45,319,HURJA,14,730.0
HIDCL,47,450,HURJA,45,20.0
HIDCL,49,1129,HURJA,57,100.0
HIDCL,51,70,ICFC,10,200.0
HIDCL,52,54,ICFC,11,200.0
HIDCL,54,300,ICFC,13,400.0
HIDCL,55,100,ICFC,16,100.0
HIDCL,57,288,ICFC,19,40.0
HIDCL,58,1617,ICFC,20,50.0
HIDCL,59,100,ICFC,22,10.0
HIDCL,6,530,ICFC,25,200.0
HIDCL,7,300,ICFC,26,500.0
HIDCL,8,250,ICFC,28,500.0
HPPL,1,10,ICFC,32,295.0
HPPL,33,230,ICFC,33,220.0
HPPL,39,60,ICFC,34,250.0
HPPL,47,500,ICFC,35,120.0
HPPL,48,98,ICFC,36,200.0
HPPL,5,750,ICFC,39,150.0
HPPL,51,160,ICFC,41,740.0
HPPL,57,130,ICFC,42,230.0
HPPL,58,40,ICFC,44,900.0
HURJA,13,590,ICFC,45,300.0
HURJA,3,10,ICFC,46,250.0
HURJA,40,50,ICFC,47,700.0
HURJA,51,200,ICFC,48,5280.0
ICFC,14,1180,ICFC,49,200.0
ICFC,16,650,ICFC,51,100.0
ICFC,17,1200,ICFC,52,500.0
ICFC,26,200,ICFC,55,200.0
ICFC,28,400,ICFC,56,40.0
ICFC,34,710,ICFC,57,30.0
ICFC,35,50,ICFC,58,250.0
ICFC,36,590,ICFC,6,100.0
ICFC,38,10,ICFCD83,29,190.0
ICFC,39,515,IGI,16,1000.0
ICFC,40,125,IGI,42,10.0
ICFC,41,1550,IGI,46,50.0
ICFC,43,1660,IGI,48,200.0
ICFC,44,10,IGI,58,240.0
ICFC,45,550,ILBS,52,1.0
ICFC,47,10,JBBL,1,130.0
ICFC,48,400,JBBL,13,200.0
ICFC,49,50,JBBL,14,320.0
ICFC,5,50,JBBL,16,6450.0
ICFC,50,140,JBBL,17,293.0
ICFC,51,10,JBBL,21,293.0
ICFC,52,50,JBBL,25,10.0
ICFC,54,30,JBBL,26,1165.0
ICFC,55,390,JBBL,28,977.0
ICFC,56,100,JBBL,3,580.0
ICFC,57,930,JBBL,33,5245.0
ICFC,58,295,JBBL,34,515.0
ICFC,59,1000,JBBL,35,2127.0
ICFC,6,400,JBBL,36,1002.0
ICFCD83,46,190,JBBL,38,2323.0
IGI,22,100,JBBL,39,710.0
IGI,32,100,JBBL,4,10.0
IGI,34,810,JBBL,41,576.0
IGI,35,110,JBBL,42,850.0
IGI,40,40,JBBL,43,550.0
IGI,42,50,JBBL,45,2700.0
IGI,45,90,JBBL,48,4256.0
IGI,49,10,JBBL,49,252.0
IGI,58,180,JBBL,5,469.0
IGI,59,10,JBBL,50,966.0
ILBS,52,1,JBBL,51,12.0
JBBL,1,50,JBBL,53,200.0
JBBL,10,200,JBBL,55,50.0
JBBL,13,2710,JBBL,57,1831.0
JBBL,14,2770,JBBL,58,550.0
JBBL,16,3510,JBBL,59,59.0
JBBL,17,100,JBBL,6,565.0
JBBL,19,443,JBLB,11,30.0
JBBL,20,100,JBLB,13,10.0
JBBL,21,1964,JBLB,14,10.0
JBBL,28,20,JBLB,16,20.0
JBBL,29,710,JBLB,17,50.0
JBBL,3,20,JBLB,19,10.0
JBBL,32,410,JBLB,21,50.0
JBBL,34,1500,JBLB,22,10.0
JBBL,35,380,JBLB,25,10.0
JBBL,36,100,JBLB,28,10.0
JBBL,38,720,JBLB,29,20.0
JBBL,39,60,JBLB,3,50.0
JBBL,4,145,JBLB,34,10.0
JBBL,40,1060,JBLB,35,20.0
JBBL,41,321,JBLB,36,40.0
JBBL,42,1540,JBLB,38,20.0
JBBL,43,100,JBLB,40,10.0
JBBL,44,900,JBLB,42,20.0
JBBL,45,1130,JBLB,44,30.0
JBBL,46,10,JBLB,45,70.0
JBBL,47,80,JBLB,47,30.0
JBBL,48,3005,JBLB,49,10.0
JBBL,49,770,JBLB,50,10.0
JBBL,5,800,JBLB,51,10.0
JBBL,50,2460,JBLB,52,10.0
JBBL,51,450,JBLB,53,10.0
JBBL,52,160,JBLB,54,10.0
JBBL,53,150,JBLB,55,30.0
JBBL,55,1045,JBLB,56,40.0
JBBL,56,250,JBLB,57,20.0
JBBL,57,2770,JBLB,58,100.0
JBBL,58,1853,JBLB,59,30.0
JBBL,59,550,JBLB,6,20.0
JBBL,6,820,JBLB,7,10.0
JBBL,7,100,JFL,1,2050.0
JBLB,1,10,JFL,14,120.0
JBLB,11,10,JFL,26,423.0
JBLB,14,30,JFL,28,350.0
JBLB,17,20,JFL,34,1000.0
JBLB,19,10,JFL,36,100.0
JBLB,20,40,JFL,4,440.0
JBLB,26,30,JFL,42,684.0
JBLB,28,30,JFL,45,1240.0
JBLB,29,20,JFL,48,4685.0
JBLB,3,30,JFL,49,16.0
JBLB,32,20,JFL,5,46.0
JBLB,35,10,JFL,50,434.0
JBLB,36,10,JFL,51,427.0
JBLB,41,30,JFL,52,3945.0
JBLB,42,50,JFL,58,200.0
JBLB,43,10,JLI,13,10.0
JBLB,45,40,JLI,14,30.0
JBLB,46,50,JLI,19,20.0
JBLB,49,20,JLI,21,40.0
JBLB,51,50,JLI,22,10.0
JBLB,52,40,JLI,29,10.0
JBLB,57,30,JLI,32,30.0
JBLB,58,40,JLI,34,80.0
JBLB,59,60,JLI,35,60.0
JBLB,6,20,JLI,36,50.0
JBLB,7,120,JLI,38,30.0
JBLB,8,10,JLI,39,10.0
JFL,14,50,JLI,4,384.0
JFL,17,5500,JLI,42,10.0
JFL,22,100,JLI,45,30.0
JFL,25,185,JLI,47,50.0
JFL,28,400,JLI,48,10.0
JFL,32,300,JLI,49,20.0
JFL,34,1000,JLI,50,10.0
JFL,35,150,JLI,52,20.0
JFL,38,2050,JLI,54,10.0
JFL,40,10,JLI,55,20.0
JFL,41,500,JLI,56,70.0
JFL,45,1315,JLI,57,10.0
JFL,46,600,JLI,58,100.0
JFL,48,300,JLI,59,40.0
JFL,49,670,JLI,6,20.0
JFL,5,10,JOSHI,34,10.0
JFL,51,150,JOSHI,36,100.0
JFL,52,180,JOSHI,42,1000.0
JFL,53,130,JOSHI,45,40.0
JFL,54,650,JOSHI,51,500.0
JFL,56,100,JOSHI,7,100.0
JFL,57,1650,JSLBB,38,10.0
JFL,58,60,KBL,1,1300.0
JFL,59,100,KBL,13,100.0
JLI,1,400,KBL,14,3811.0
JLI,11,10,KBL,16,7729.0
JLI,13,20,KBL,17,290.0
JLI,17,10,KBL,18,100.0
JLI,21,90,KBL,21,785.0
JLI,22,10,KBL,22,30.0
JLI,25,20,KBL,25,3250.0
JLI,34,50,KBL,26,4800.0
JLI,41,150,KBL,28,200.0
JLI,42,50,KBL,29,300.0
JLI,45,54,KBL,3,3011.0
JLI,51,10,KBL,32,1200.0
JLI,55,240,KBL,33,200.0
JLI,6,70,KBL,34,100.0
JOSHI,32,200,KBL,35,310.0
JOSHI,38,30,KBL,37,1012.0
JOSHI,39,1000,KBL,38,1850.0
JOSHI,5,200,KBL,39,1600.0
JOSHI,57,100,KBL,4,1230.0
JOSHI,58,80,KBL,40,2250.0
JOSHI,59,140,KBL,41,130.0
JSLBB,13,10,KBL,42,1150.0
KBL,1,1100,KBL,43,1912.0
KBL,10,280,KBL,44,186.0
KBL,11,1700,KBL,45,1511.0
KBL,13,150,KBL,46,500.0
KBL,14,1460,KBL,47,150.0
KBL,16,100,KBL,49,310.0
KBL,17,150,KBL,5,50.0
KBL,18,200,KBL,50,3700.0
KBL,19,345,KBL,51,10.0
KBL,21,750,KBL,52,100.0
KBL,22,1450,KBL,53,210.0
KBL,25,820,KBL,55,20.0
KBL,26,4010,KBL,57,3545.0
KBL,28,600,KBL,58,2191.0
KBL,29,506,KBL,59,100.0
KBL,32,10,KEF,11,100.0
KBL,33,475,KEF,17,100.0
KBL,34,1386,KEF,34,3100.0
KBL,35,630,KEF,56,300.0
KBL,36,10,KEF,7,100.0
KBL,38,1030,KEF,8,100.0
KBL,39,1730,KKHC,10,50.0
KBL,4,4120,KKHC,11,50.0
KBL,40,550,KKHC,14,20.0
KBL,41,1430,KKHC,28,10.0
KBL,42,3691,KKHC,33,600.0
KBL,43,200,KKHC,34,2378.0
KBL,44,1711,KKHC,36,200.0
KBL,45,3630,KKHC,4,500.0
KBL,46,812,KKHC,40,50.0
KBL,47,325,KKHC,41,50.0
KBL,48,590,KKHC,42,10.0
KBL,49,2100,KKHC,45,600.0
KBL,50,398,KKHC,47,100.0
KBL,51,410,KKHC,49,86.0
KBL,52,910,KKHC,50,130.0
KBL,53,1700,KKHC,57,110.0
KBL,54,580,KKHC,58,350.0
KBL,57,3910,KKHC,8,437.0
KBL,58,3364,KLBSL,41,20.0
KBL,59,850,KLBSL,43,34.0
KBL,6,450,KPCL,14,50.0
KBL,7,380,KPCL,17,10.0
KBL,8,230,KPCL,29,500.0
KEF,16,500,KPCL,3,20.0
KEF,17,100,KPCL,36,50.0
KEF,42,400,KPCL,42,20.0
KEF,57,2800,KPCL,52,20.0
KKHC,19,400,KPCL,53,10.0
KKHC,21,447,KPCL,58,140.0
KKHC,22,50,KRBL,14,100.0
KKHC,32,100,KRBL,16,100.0
KKHC,35,174,KRBL,26,10.0
KKHC,36,100,KRBL,28,300.0
KKHC,39,60,KRBL,29,550.0
KKHC,40,10,KRBL,32,200.0
KKHC,41,500,KRBL,34,200.0
KKHC,42,250,KRBL,41,50.0
KKHC,44,40,KRBL,43,50.0
KKHC,45,400,KRBL,45,600.0
KKHC,46,210,KRBL,46,685.0
KKHC,48,60,KRBL,51,375.0
KKHC,50,180,KRBL,52,2780.0
KKHC,54,80,KRBL,53,255.0
KKHC,56,290,KRBL,57,20.0
KKHC,57,70,KSBBL,1,400.0
KKHC,58,70,KSBBL,13,1500.0
KKHC,6,500,KSBBL,14,6110.0
KKHC,7,1740,KSBBL,16,3016.0
KLBSL,45,54,KSBBL,17,250.0
KPCL,22,60,KSBBL,20,5300.0
KPCL,3,210,KSBBL,21,700.0
KPCL,35,200,KSBBL,25,210.0
KPCL,42,80,KSBBL,26,3919.0
KPCL,44,20,KSBBL,28,2530.0
KPCL,49,250,KSBBL,29,500.0
KRBL,11,260,KSBBL,3,3688.0
KRBL,14,1000,KSBBL,32,1700.0
KRBL,16,10,KSBBL,33,15874.0
KRBL,22,90,KSBBL,34,7350.0
KRBL,32,10,KSBBL,36,800.0
KRBL,34,1100,KSBBL,37,2149.0
KRBL,37,200,KSBBL,38,600.0
KRBL,40,600,KSBBL,39,2600.0
KRBL,43,250,KSBBL,4,2930.0
KRBL,44,400,KSBBL,40,492.0
KRBL,45,50,KSBBL,41,950.0
KRBL,47,10,KSBBL,42,60.0
KRBL,51,40,KSBBL,43,3490.0
KRBL,55,50,KSBBL,44,1034.0
KRBL,56,285,KSBBL,45,1114.0
KRBL,57,700,KSBBL,46,2000.0
KRBL,58,70,KSBBL,47,560.0
KRBL,6,1150,KSBBL,48,2000.0
KSBBL,1,578,KSBBL,49,10389.0
KSBBL,10,300,KSBBL,5,1590.0
KSBBL,11,330,KSBBL,50,21447.0
KSBBL,13,575,KSBBL,51,2200.0
KSBBL,14,2940,KSBBL,52,4400.0
KSBBL,16,620,KSBBL,53,1315.0
KSBBL,17,5336,KSBBL,54,550.0
KSBBL,18,60,KSBBL,55,1254.0
KSBBL,19,748,KSBBL,56,2220.0
KSBBL,20,100,KSBBL,57,3022.0
KSBBL,21,5600,KSBBL,58,4998.0
KSBBL,22,2069,KSBBL,59,1785.0
KSBBL,25,1315,KSBBL,6,250.0
KSBBL,26,1535,KSBBL,7,320.0
KSBBL,28,5610,LBBL,1,100.0
KSBBL,29,3640,LBBL,22,4000.0
KSBBL,3,100,LBBL,25,1100.0
KSBBL,32,2400,LBBL,26,2891.0
KSBBL,33,2260,LBBL,28,1000.0
KSBBL,34,4766,LBBL,29,500.0
KSBBL,35,920,LBBL,32,630.0
KSBBL,36,2565,LBBL,33,700.0
KSBBL,37,1625,LBBL,34,2956.0
KSBBL,38,4200,LBBL,35,50.0
KSBBL,39,3290,LBBL,36,195.0
KSBBL,4,1007,LBBL,37,10.0
KSBBL,40,1310,LBBL,38,6980.0
KSBBL,41,3617,LBBL,39,200.0
KSBBL,42,4290,LBBL,4,1500.0
KSBBL,43,550,LBBL,40,500.0
KSBBL,44,1170,LBBL,41,815.0
KSBBL,45,12950,LBBL,43,1000.0
KSBBL,46,1040,LBBL,44,110.0
KSBBL,47,2100,LBBL,45,430.0
KSBBL,48,890,LBBL,46,929.0
KSBBL,49,8039,LBBL,48,700.0
KSBBL,5,50,LBBL,49,2093.0
KSBBL,50,1640,LBBL,50,2920.0
KSBBL,51,2273,LBBL,51,150.0
KSBBL,52,4465,LBBL,56,2000.0
KSBBL,53,3350,LBBL,57,719.0
KSBBL,54,850,LBBL,59,450.0
KSBBL,55,1282,LBBL,6,100.0
KSBBL,56,4160,LBBL,7,250.0
KSBBL,57,5690,LBL,14,2700.0
KSBBL,58,4981,LBL,16,2219.0
KSBBL,59,950,LBL,17,10.0
KSBBL,6,5910,LBL,20,1050.0
KSBBL,7,370,LBL,21,600.0
KSBBL,8,3150,LBL,25,2655.0
LBBL,1,450,LBL,26,1000.0
LBBL,10,2200,LBL,32,200.0
LBBL,11,400,LBL,33,2204.0
LBBL,16,1000,LBL,34,3114.0
LBBL,17,400,LBL,35,554.0
LBBL,19,500,LBL,36,150.0
LBBL,25,120,LBL,38,100.0
LBBL,26,110,LBL,39,300.0
LBBL,28,150,LBL,42,200.0
LBBL,3,40,LBL,44,142.0
LBBL,32,950,LBL,45,7230.0
LBBL,33,200,LBL,46,500.0
LBBL,34,1885,LBL,49,1600.0
LBBL,35,170,LBL,5,200.0
LBBL,36,340,LBL,50,1000.0
LBBL,37,1000,LBL,51,400.0
LBBL,38,200,LBL,53,1250.0
LBBL,39,710,LBL,55,580.0
LBBL,41,2780,LBL,56,100.0
LBBL,42,4608,LBL,57,355.0
LBBL,45,780,LBL,58,153.0
LBBL,46,800,LBL,59,50.0
LBBL,48,1100,LBL,6,100.0
LBBL,49,70,LBL,7,1500.0
LBBL,50,100,LEC,10,10.0
LBBL,51,160,LEC,13,35.0
LBBL,52,5555,LEC,14,50.0
LBBL,53,50,LEC,18,33.0
LBBL,54,4400,LEC,26,20.0
LBBL,56,1450,LEC,28,20.0
LBBL,57,950,LEC,38,200.0
LBBL,58,1150,LEC,41,1020.0
LBBL,59,700,LEC,42,1000.0
LBBL,6,500,LEC,45,10.0
LBL,11,500,LEC,46,17.0
LBL,13,100,LEC,47,340.0
LBL,14,2000,LEC,48,39.0
LBL,16,2400,LEC,49,30.0
LBL,17,500,LEC,50,280.0
LBL,18,275,LEC,54,20.0
LBL,19,1000,LEC,57,500.0
LBL,20,350,LEC,59,100.0
LBL,22,100,LEMF,42,100.0
LBL,26,638,LEMF,49,350.0
LBL,28,500,LGIL,25,100.0
LBL,29,1000,LGIL,38,1000.0
LBL,32,170,LGIL,44,15.0
LBL,33,500,LGIL,45,140.0
LBL,34,2250,LGIL,49,45.0
LBL,35,2080,LGIL,51,11.0
LBL,37,150,LGIL,52,10.0
LBL,4,7700,LICN,17,20.0
LBL,40,200,LICN,3,200.0
LBL,41,1150,LICN,33,25.0
LBL,42,300,LICN,38,10.0
LBL,43,300,LICN,45,2040.0
LBL,44,350,LICN,50,200.0
LBL,45,1930,LLBS,14,100.0
LBL,46,200,MBL,11,60.0
LBL,47,331,MBL,14,3600.0
LBL,49,85,MBL,17,500.0
LBL,50,40,MBL,19,100.0
LBL,51,205,MBL,20,400.0
LBL,52,1015,MBL,25,1300.0
LBL,53,639,MBL,26,2501.0
LBL,54,370,MBL,28,150.0
LBL,55,50,MBL,29,50.0
LBL,56,250,MBL,3,500.0
LBL,57,870,MBL,33,5700.0
LBL,58,560,MBL,35,1392.0
LBL,59,350,MBL,36,250.0
LBL,6,220,MBL,37,2100.0
LBL,7,438,MBL,38,260.0
LBL,8,150,MBL,39,791.0
LEC,13,219,MBL,4,1260.0
LEC,14,1170,MBL,42,1247.0
LEC,19,20,MBL,44,500.0
LEC,29,10,MBL,45,1400.0
LEC,35,20,MBL,46,190.0
LEC,39,40,MBL,48,2200.0
LEC,42,1300,MBL,49,20941.0
LEC,47,50,MBL,50,400.0
LEC,50,30,MBL,51,5000.0
LEC,51,555,MBL,52,410.0
LEC,58,250,MBL,54,1260.0
LEC,59,60,MBL,57,2008.0
LEMF,16,350,MBL,58,853.0
LEMF,32,100,MBL,59,2000.0
LGIL,17,200,MDB,14,530.0
LGIL,20,31,MDB,16,350.0
LGIL,42,140,MDB,25,53.0
LGIL,49,10,MDB,26,60.0
LGIL,52,940,MDB,33,2123.0
LICN,10,400,MDB,34,350.0
LICN,25,200,MDB,35,15.0
LICN,32,980,MDB,36,266.0
LICN,40,400,MDB,38,557.0
LICN,43,45,MDB,4,100.0
LICN,47,200,MDB,41,350.0
LICN,49,20,MDB,44,15.0
LICN,5,40,MDB,45,134.0
LICN,51,200,MDB,46,335.0
LICN,6,10,MDB,47,200.0
LLBS,17,100,MDB,49,310.0
MBL,11,600,MDB,5,800.0
MBL,13,2692,MDB,56,494.0
MBL,14,730,MDB,57,100.0
MBL,17,410,MDB,58,295.0
MBL,19,510,MDB,59,250.0
MBL,20,88,MDB,6,250.0
MBL,21,90,MDB,7,1000.0
MBL,22,400,MEGA,1,230.0
MBL,25,3920,MEGA,10,878.0
MBL,26,120,MEGA,11,255.0
MBL,28,1688,MEGA,13,1000.0
MBL,29,750,MEGA,14,4306.0
MBL,3,335,MEGA,17,2200.0
MBL,32,1971,MEGA,19,2140.0
MBL,33,2300,MEGA,20,100.0
MBL,34,12330,MEGA,21,325.0
MBL,35,387,MEGA,22,1341.0
MBL,36,10,MEGA,25,750.0
MBL,37,512,MEGA,26,3350.0
MBL,38,1650,MEGA,28,2100.0
MBL,39,10,MEGA,29,4916.0
MBL,4,657,MEGA,3,1050.0
MBL,40,3014,MEGA,32,7679.0
MBL,41,340,MEGA,33,539.0
MBL,42,966,MEGA,34,3000.0
MBL,44,6907,MEGA,35,1599.0
MBL,45,985,MEGA,36,4474.0
MBL,46,100,MEGA,37,4190.0
MBL,47,170,MEGA,38,1807.0
MBL,48,230,MEGA,39,680.0
MBL,49,2055,MEGA,4,500.0
MBL,50,1650,MEGA,40,2416.0
MBL,51,270,MEGA,41,2340.0
MBL,52,550,MEGA,42,3287.0
MBL,53,300,MEGA,43,3860.0
MBL,54,150,MEGA,44,6233.0
MBL,55,6050,MEGA,45,3572.0
MBL,56,410,MEGA,46,639.0
MBL,57,700,MEGA,47,200.0
MBL,58,666,MEGA,48,13912.0
MBL,59,1100,MEGA,49,2395.0
MBL,6,200,MEGA,5,600.0
MBL,7,150,MEGA,50,5067.0
MBL,8,200,MEGA,51,10053.0
MDB,11,100,MEGA,52,2003.0
MDB,14,800,MEGA,53,2250.0
MDB,16,50,MEGA,54,200.0
MDB,26,200,MEGA,55,1200.0
MDB,29,30,MEGA,56,2600.0
MDB,35,100,MEGA,57,2150.0
MDB,40,200,MEGA,58,5091.0
MDB,45,1150,MEGA,59,4600.0
MDB,49,10,MEGA,6,3045.0
MDB,54,1000,MEGA,7,559.0
MDB,55,100,MEGA,8,600.0
MDB,56,350,MEN,20,10.0
MDB,57,20,MEN,55,90.0
MDB,58,4797,MEN,8,10.0
MDB,7,30,MERO,25,500.0
MEGA,1,600,MERO,38,300.0
MEGA,10,91,MERO,42,200.0
MEGA,11,30,MERO,47,200.0
MEGA,13,1209,MFIL,13,200.0
MEGA,14,2400,MFIL,14,300.0
MEGA,16,540,MFIL,21,800.0
MEGA,17,2900,MFIL,28,50.0
MEGA,19,290,MFIL,32,376.0
MEGA,21,646,MFIL,34,970.0
MEGA,22,1300,MFIL,38,300.0
MEGA,25,3608,MFIL,40,240.0
MEGA,26,1650,MFIL,41,1334.0
MEGA,28,4105,MFIL,43,400.0
MEGA,29,1550,MFIL,45,520.0
MEGA,32,1300,MFIL,48,50.0
MEGA,33,800,MFIL,49,500.0
MEGA,34,14667,MFIL,51,200.0
MEGA,35,910,MFIL,52,650.0
MEGA,36,400,MFIL,53,650.0
MEGA,38,1193,MFIL,56,375.0
MEGA,39,31974,MFIL,57,100.0
MEGA,4,3660,MFIL,58,500.0
MEGA,40,1600,MFIL,6,960.0
MEGA,41,900,MHNL,19,20.0
MEGA,42,2891,MHNL,22,100.0
MEGA,43,160,MHNL,28,30.0
MEGA,44,200,MHNL,45,1540.0
MEGA,45,21715,MHNL,46,154.0
MEGA,46,1920,MHNL,57,100.0
MEGA,47,2170,MHNL,58,2026.0
MEGA,48,1122,MHNL,59,50.0
MEGA,49,970,MKLB,11,10.0
MEGA,50,200,MKLB,13,10.0
MEGA,51,1526,MKLB,29,20.0
MEGA,52,958,MKLB,41,10.0
MEGA,53,1070,MKLB,49,10.0
MEGA,54,120,MKLB,55,10.0
MEGA,55,100,MLBL,1,145.0
MEGA,56,1040,MLBL,11,230.0
MEGA,57,6844,MLBL,14,550.0
MEGA,58,2229,MLBL,16,355.0
MEGA,59,370,MLBL,17,1365.0
MEGA,6,1450,MLBL,20,11.0
MEGA,7,2403,MLBL,22,1543.0
MEGA,8,500,MLBL,25,122.0
MEN,29,10,MLBL,26,3410.0
MEN,32,80,MLBL,33,650.0
MEN,57,20,MLBL,34,900.0
MERO,13,100,MLBL,35,2120.0
MERO,17,100,MLBL,36,924.0
MERO,19,100,MLBL,39,166.0
MERO,21,100,MLBL,4,1572.0
MERO,3,100,MLBL,40,612.0
MERO,42,200,MLBL,41,885.0
MERO,44,300,MLBL,42,500.0
MERO,48,200,MLBL,43,660.0
MFIL,1,500,MLBL,44,364.0
MFIL,14,100,MLBL,46,5417.0
MFIL,19,70,MLBL,48,80.0
MFIL,21,650,MLBL,49,5287.0
MFIL,22,500,MLBL,5,311.0
MFIL,25,60,MLBL,50,650.0
MFIL,28,1360,MLBL,51,1593.0
MFIL,29,200,MLBL,52,600.0
MFIL,34,50,MLBL,53,190.0
MFIL,37,1000,MLBL,57,202.0
MFIL,38,50,MLBL,58,607.0
MFIL,41,450,MLBL,6,200.0
MFIL,42,230,MLBL,D01,3984.0
MFIL,43,100,MLBSL,38,10.0
MFIL,44,15,MLBSL,57,25.0
MFIL,45,1100,MMFDB,50,50.0
MFIL,46,1000,MNBBL,1,800.0
MFIL,49,160,MNBBL,11,120.0
MFIL,50,90,MNBBL,13,200.0
MFIL,55,1200,MNBBL,14,300.0
MFIL,56,10,MNBBL,17,2000.0
MFIL,57,230,MNBBL,19,1620.0
MFIL,58,250,MNBBL,20,60.0
MFIL,59,100,MNBBL,21,225.0
MHNL,14,1000,MNBBL,22,330.0
MHNL,16,50,MNBBL,25,1032.0
MHNL,21,50,MNBBL,26,1461.0
MHNL,29,200,MNBBL,28,1200.0
MHNL,35,50,MNBBL,3,3000.0
MHNL,39,2000,MNBBL,32,470.0
MHNL,44,200,MNBBL,33,1500.0
MHNL,51,20,MNBBL,34,795.0
MHNL,53,100,MNBBL,35,587.0
MHNL,57,50,MNBBL,36,439.0
MHNL,58,250,MNBBL,38,2308.0
MHNL,8,50,MNBBL,39,1936.0
MKLB,33,20,MNBBL,4,100.0
MKLB,35,10,MNBBL,40,1290.0
MKLB,47,10,MNBBL,42,282.0
MKLB,49,10,MNBBL,43,2080.0
MKLB,53,10,MNBBL,44,1020.0
MKLB,8,10,MNBBL,45,1645.0
MLBL,10,200,MNBBL,46,765.0
MLBL,13,300,MNBBL,47,359.0
MLBL,14,1550,MNBBL,48,710.0
MLBL,16,500,MNBBL,49,523.0
MLBL,17,300,MNBBL,50,750.0
MLBL,18,130,MNBBL,51,286.0
MLBL,21,214,MNBBL,53,582.0
MLBL,22,612,MNBBL,55,1000.0
MLBL,25,320,MNBBL,56,2000.0
MLBL,28,600,MNBBL,57,500.0
MLBL,29,130,MNBBL,58,100.0
MLBL,3,300,MNBBL,6,103.0
MLBL,32,610,MNBBL,7,50.0
MLBL,34,30,MPFL,22,10.0
MLBL,35,2692,MPFL,25,1050.0
MLBL,36,10,MPFL,38,70.0
MLBL,37,1000,MPFL,42,10.0
MLBL,38,200,MPFL,52,50.0
MLBL,4,100,MPFL,57,150.0
MLBL,40,400,MPFL,58,40.0
MLBL,41,10,MSLB,14,50.0
MLBL,42,1100,NABBC,22,10.0
MLBL,45,2756,NABBC,25,30.0
MLBL,46,311,NABBC,3,55.0
MLBL,47,3400,NABBC,40,10.0
MLBL,48,700,NABIL,1,500.0
MLBL,49,1650,NABIL,11,10.0
MLBL,51,2100,NABIL,13,550.0
MLBL,52,800,NABIL,14,1068.0
MLBL,53,1700,NABIL,17,1177.0
MLBL,54,350,NABIL,19,1090.0
MLBL,55,50,NABIL,20,500.0
MLBL,57,9499,NABIL,21,270.0
MLBL,58,796,NABIL,22,110.0
MLBL,59,220,NABIL,26,310.0
MLBL,6,435,NABIL,3,2000.0
MLBL,7,130,NABIL,32,463.0
MLBSL,47,10,NABIL,33,910.0
MLBSL,58,15,NABIL,34,1034.0
MLBSL,7,10,NABIL,35,167.0
MMFDB,45,50,NABIL,36,300.0
MNBBL,1,210,NABIL,38,320.0
MNBBL,10,20,NABIL,41,276.0
MNBBL,11,100,NABIL,42,310.0
MNBBL,13,600,NABIL,44,300.0
MNBBL,14,120,NABIL,45,2206.0
MNBBL,16,110,NABIL,46,505.0
MNBBL,17,50,NABIL,47,168.0
MNBBL,19,220,NABIL,49,460.0
MNBBL,20,50,NABIL,5,20.0
MNBBL,21,26,NABIL,50,305.0
MNBBL,22,150,NABIL,52,375.0
MNBBL,25,250,NABIL,53,310.0
MNBBL,26,920,NABIL,54,550.0
MNBBL,28,430,NABIL,55,2420.0
MNBBL,29,500,NABIL,56,50.0
MNBBL,3,2047,NABIL,57,315.0
MNBBL,32,6325,NABIL,58,8787.0
MNBBL,34,38,NABIL,59,55.0
MNBBL,35,1190,NABIL,6,6262.0
MNBBL,37,198,NABIL,7,100.0
MNBBL,38,270,NBB,1,1010.0
MNBBL,40,200,NBB,10,300.0
MNBBL,41,263,NBB,13,60.0
MNBBL,42,3510,NBB,14,9706.0
MNBBL,43,2120,NBB,16,4020.0
MNBBL,44,1215,NBB,17,3100.0
MNBBL,45,2590,NBB,19,1140.0
MNBBL,46,200,NBB,20,1100.0
MNBBL,48,520,NBB,21,220.0
MNBBL,49,221,NBB,22,920.0
MNBBL,5,120,NBB,25,100.0
MNBBL,50,261,NBB,26,550.0
MNBBL,51,1410,NBB,28,310.0
MNBBL,52,500,NBB,29,4000.0
MNBBL,53,1150,NBB,3,2990.0
MNBBL,54,520,NBB,32,1537.0
MNBBL,55,750,NBB,33,400.0
MNBBL,56,260,NBB,35,630.0
MNBBL,57,1832,NBB,36,150.0
MNBBL,58,947,NBB,37,2594.0
MNBBL,59,500,NBB,38,1876.0
MNBBL,6,615,NBB,39,620.0
MNBBL,8,1000,NBB,41,1808.0
MPFL,33,230,NBB,42,500.0
MPFL,42,1000,NBB,43,11250.0
MPFL,46,50,NBB,44,12766.0
MPFL,48,50,NBB,45,1379.0
MPFL,57,50,NBB,46,500.0
MSLB,6,50,NBB,48,40.0
NABBC,20,10,NBB,49,700.0
NABBC,28,10,NBB,5,480.0
NABBC,35,30,NBB,50,1192.0
NABBC,58,55,NBB,51,1300.0
NABIL,1,575,NBB,52,1237.0
NABIL,10,200,NBB,53,1610.0
NABIL,13,900,NBB,54,560.0
NABIL,14,279,NBB,55,4000.0
NABIL,16,50,NBB,56,250.0
NABIL,17,1350,NBB,57,10155.0
NABIL,18,750,NBB,58,2657.0
NABIL,19,500,NBB,6,500.0
NABIL,20,100,NBB,7,3700.0
NABIL,21,624,NBB,8,1100.0
NABIL,22,798,NBF2,28,9500.0
NABIL,25,100,NBF2,33,2500.0
NABIL,26,468,NBF2,34,8000.0
NABIL,28,830,NBF2,4,139500.0
NABIL,29,2460,NBF2,41,500.0
NABIL,3,25,NBF2,42,10000.0
NABIL,32,2520,NBF2,43,4000.0
NABIL,33,10,NBF2,45,200.0
NABIL,34,4405,NBF2,58,3800.0
NABIL,35,300,NBL,1,790.0
NABIL,36,239,NBL,10,610.0
NABIL,37,180,NBL,11,500.0
NABIL,38,710,NBL,13,210.0
NABIL,39,1908,NBL,14,4499.0
NABIL,4,750,NBL,16,950.0
NABIL,41,536,NBL,17,3700.0
NABIL,42,1048,NBL,19,721.0
NABIL,43,30,NBL,22,2179.0
NABIL,44,50,NBL,25,3600.0
NABIL,45,1270,NBL,26,300.0
NABIL,46,690,NBL,28,620.0
NABIL,48,1020,NBL,29,4778.0
NABIL,49,370,NBL,3,100.0
NABIL,5,100,NBL,32,1600.0
NABIL,50,350,NBL,33,19040.0
NABIL,51,363,NBL,34,2545.0
NABIL,52,3315,NBL,35,16200.0
NABIL,53,443,NBL,36,100.0
NABIL,54,300,NBL,38,780.0
NABIL,55,150,NBL,39,700.0
NABIL,56,143,NBL,4,2125.0
NABIL,57,798,NBL,40,2100.0
NABIL,58,613,NBL,41,343.0
NABIL,59,830,NBL,42,1370.0
NABIL,6,540,NBL,43,21000.0
NABIL,8,563,NBL,44,7500.0
NBB,1,645,NBL,45,2260.0
NBB,11,50,NBL,46,800.0
NBB,13,1050,NBL,47,3300.0
NBB,14,2470,NBL,48,148.0
NBB,16,3000,NBL,49,9025.0
NBB,17,1780,NBL,50,2893.0
NBB,19,630,NBL,51,625.0
NBB,20,500,NBL,52,8714.0
NBB,21,1370,NBL,53,20.0
NBB,25,100,NBL,54,607.0
NBB,26,340,NBL,55,2220.0
NBB,28,1240,NBL,56,2830.0
NBB,29,1070,NBL,57,1024.0
NBB,32,3645,NBL,58,2630.0
NBB,33,350,NBL,6,6550.0
NBB,34,2710,NBL,7,2612.0
NBB,35,1120,NBL,8,1290.0
NBB,36,400,NBL,D01,7000.0
NBB,37,350,NCCB,10,435.0
NBB,38,3028,NCCB,14,940.0
NBB,39,300,NCCB,16,10.0
NBB,4,110,NCCB,17,2000.0
NBB,40,500,NCCB,19,700.0
NBB,41,1620,NCCB,25,1000.0
NBB,42,1110,NCCB,26,460.0
NBB,43,100,NCCB,28,110.0
NBB,44,2060,NCCB,29,500.0
NBB,45,36716,NCCB,3,100.0
NBB,46,600,NCCB,32,760.0
NBB,47,880,NCCB,33,50.0
NBB,48,1000,NCCB,34,688.0
NBB,49,2540,NCCB,36,670.0
NBB,5,300,NCCB,38,100.0
NBB,50,2900,NCCB,39,1790.0
NBB,51,1425,NCCB,42,910.0
NBB,52,300,NCCB,44,5000.0
NBB,53,1300,NCCB,45,40.0
NBB,54,1180,NCCB,47,1381.0
NBB,55,600,NCCB,48,1090.0
NBB,56,1250,NCCB,49,45.0
NBB,57,2200,NCCB,50,900.0
NBB,58,1413,NCCB,52,300.0
NBB,59,4600,NCCB,55,690.0
NBB,6,3300,NCCB,56,200.0
NBB,7,565,NCCB,58,300.0
NBB,8,300,NEF,14,18817.0
NBF2,20,4500,NEF,19,10000.0
NBF2,21,10000,NEF,21,300.0
NBF2,22,500,NEF,22,13000.0
NBF2,28,11000,NEF,26,100.0
NBF2,29,20000,NEF,29,135610.0
NBF2,33,3000,NEF,34,8517.0
NBF2,34,1000,NEF,41,2897.0
NBF2,37,23000,NEF,43,10000.0
NBF2,45,16400,NEF,53,2000.0
NBF2,48,5000,NEF,56,785.0
NBF2,49,2000,NEF,7,3800.0
NBF2,53,400,NFS,17,30.0
NBF2,55,10000,NFS,25,25.0
NBF2,57,5000,NFS,3,50.0
NBF2,58,2000,NFS,34,50.0
NBF2,59,2000,NFS,36,250.0
NBF2,6,52000,NFS,41,15.0
NBF2,8,10200,NFS,44,200.0
NBL,1,2016,NFS,57,460.0
NBL,10,3021,NFS,58,150.0
NBL,11,230,NGPL,1,50.0
NBL,13,3176,NGPL,14,100.0
NBL,14,3885,NGPL,16,1800.0
NBL,16,7300,NGPL,17,130.0
NBL,17,4610,NGPL,20,2750.0
NBL,19,3010,NGPL,32,5000.0
NBL,20,1100,NGPL,34,50.0
NBL,21,2560,NGPL,36,640.0
NBL,22,1562,NGPL,38,7056.0
NBL,25,3318,NGPL,40,137.0
NBL,26,1640,NGPL,41,725.0
NBL,28,1320,NGPL,42,1.0
NBL,29,1630,NGPL,44,400.0
NBL,3,500,NGPL,47,385.0
NBL,32,5524,NGPL,5,600.0
NBL,33,550,NGPL,52,100.0
NBL,34,3187,NGPL,53,50.0
NBL,35,3237,NGPL,54,1000.0
NBL,36,1035,NGPL,57,570.0
NBL,37,116,NGPL,58,7325.0
NBL,38,3393,NGPL,6,400.0
NBL,39,2650,NGPL,7,200.0
NBL,4,1800,NHDL,29,32.0
NBL,40,620,NHPC,1,50.0
NBL,41,3475,NHPC,11,2000.0
NBL,42,7905,NHPC,16,550.0
NBL,43,2690,NHPC,19,310.0
NBL,44,4405,NHPC,21,820.0
NBL,45,7495,NHPC,22,20.0
NBL,46,3296,NHPC,25,220.0
NBL,47,3807,NHPC,26,60.0
NBL,48,599,NHPC,28,4100.0
NBL,49,3890,NHPC,29,1750.0
NBL,5,347,NHPC,32,770.0
NBL,50,2720,NHPC,33,300.0
NBL,51,5083,NHPC,34,10060.0
NBL,52,1970,NHPC,35,100.0
NBL,53,1930,NHPC,36,20.0
NBL,54,1215,NHPC,37,100.0
NBL,55,2140,NHPC,38,1700.0
NBL,56,3050,NHPC,40,1196.0
NBL,57,7876,NHPC,41,600.0
NBL,58,6673,NHPC,42,625.0
NBL,59,4870,NHPC,43,630.0
NBL,6,6461,NHPC,45,2400.0
NBL,7,1876,NHPC,47,2995.0
NBL,8,6745,NHPC,48,200.0
NCCB,10,500,NHPC,49,3890.0
NCCB,19,310,NHPC,5,600.0
NCCB,21,620,NHPC,50,9060.0
NCCB,22,1970,NHPC,52,6575.0
NCCB,26,1944,NHPC,54,90.0
NCCB,28,550,NHPC,55,343.0
NCCB,29,2195,NHPC,56,1300.0
NCCB,34,50,NHPC,57,420.0
NCCB,36,100,NHPC,58,4451.0
NCCB,37,200,NHPC,59,250.0
NCCB,38,100,NHPC,6,170.0
NCCB,39,1000,NHPC,7,700.0
NCCB,4,90,NHPC,8,200.0
NCCB,41,105,NIBSF2,32,150.0
NCCB,42,880,NIBSF2,56,100.0
NCCB,43,100,NICA,10,240.0
NCCB,44,200,NICA,13,100.0
NCCB,45,780,NICA,14,836.0
NCCB,46,165,NICA,21,220.0
NCCB,47,200,NICA,26,426.0
NCCB,48,100,NICA,28,2980.0
NCCB,49,305,NICA,3,30.0
NCCB,50,300,NICA,33,20.0
NCCB,51,500,NICA,38,495.0
NCCB,52,300,NICA,39,100.0
NCCB,53,1420,NICA,44,200.0
NCCB,54,130,NICA,45,5409.0
NCCB,56,1270,NICA,46,515.0
NCCB,57,865,NICA,47,100.0
NCCB,58,520,NICA,48,1000.0
NCCB,59,2200,NICA,49,450.0
NCCB,6,1000,NICA,5,95.0
NCCB,8,200,NICA,51,360.0
NEF,16,16000,NICA,53,50.0
NEF,19,5000,NICA,55,200.0
NEF,20,1500,NICA,57,2110.0
NEF,21,3000,NICA,58,1110.0
NEF,22,500,NICA,6,63.0
NEF,26,50000,NICA,7,50.0
NEF,3,10500,NICA,8,70.0
NEF,32,4000,NICGF,10,400.0
NEF,34,7125,NICL,26,20.0
NEF,35,17674,NICL,35,100.0
NEF,37,4000,NICL,36,40.0
NEF,38,1000,NICL,4,50.0
NEF,39,500,NICL,52,300.0
NEF,42,285,NICL,56,20.0
NEF,48,10000,NICLBSL,10,10.0
NEF,49,2500,NICLBSL,14,10.0
NEF,5,10000,NICLBSL,16,10.0
NEF,51,15000,NICLBSL,20,10.0
NEF,52,100,NICLBSL,21,20.0
NEF,53,2000,NICLBSL,26,10.0
NEF,55,16000,NICLBSL,34,60.0
NEF,57,5000,NICLBSL,35,230.0
NEF,58,11000,NICLBSL,36,67.0
NEF,59,6000,NICLBSL,38,10.0
NEF,6,7142,NICLBSL,42,10.0
NFS,17,500,NICLBSL,45,10.0
NFS,25,420,NICLBSL,46,10.0
NFS,29,100,NICLBSL,49,10.0
NFS,32,100,NICLBSL,53,20.0
NFS,34,50,NICLBSL,58,210.0
NFS,49,30,NICLBSL,8,10.0
NFS,58,30,NICSF,17,100.0
NGPL,10,700,NICSF,18,200.0
NGPL,13,100,NICSF,4,400.0
NGPL,14,552,NICSF,41,300.0
NGPL,17,900,NICSF,42,100.0
NGPL,19,200,NICSF,55,100.0
NGPL,20,13586,NICSF,58,3400.0
NGPL,22,96,NIFRA,1,380.0
NGPL,3,176,NIFRA,10,110.0
NGPL,33,3186,NIFRA,11,260.0
NGPL,37,1000,NIFRA,13,60.0
NGPL,39,1000,NIFRA,14,680.0
NGPL,42,2852,NIFRA,17,185.0
NGPL,43,500,NIFRA,18,60.0
NGPL,45,150,NIFRA,19,2100.0
NGPL,46,10,NIFRA,20,48.0
NGPL,49,1,NIFRA,21,1025.0
NGPL,52,500,NIFRA,22,110.0
NGPL,56,50,NIFRA,25,780.0
NGPL,57,100,NIFRA,26,280.0
NGPL,58,3810,NIFRA,28,3210.0
NHDL,28,10,NIFRA,29,740.0
NHDL,49,22,NIFRA,32,836.0
NHPC,11,460,NIFRA,33,40.0
NHPC,13,1000,NIFRA,34,2220.0
NHPC,14,650,NIFRA,35,2285.0
NHPC,16,2120,NIFRA,36,420.0
NHPC,17,1822,NIFRA,37,50.0
NHPC,19,994,NIFRA,38,830.0
NHPC,20,9977,NIFRA,39,70.0
NHPC,21,240,NIFRA,4,190.0
NHPC,25,2700,NIFRA,40,200.0
NHPC,26,400,NIFRA,41,510.0
NHPC,28,3110,NIFRA,42,1541.0
NHPC,29,500,NIFRA,44,380.0
NHPC,3,2930,NIFRA,45,550.0
NHPC,32,350,NIFRA,46,1107.0
NHPC,33,200,NIFRA,47,1770.0
NHPC,34,1950,NIFRA,48,130.0
NHPC,35,11900,NIFRA,49,1210.0
NHPC,36,120,NIFRA,5,850.0
NHPC,37,1155,NIFRA,50,100.0
NHPC,38,1560,NIFRA,52,200.0
NHPC,39,1000,NIFRA,53,260.0
NHPC,41,100,NIFRA,54,257.0
NHPC,42,150,NIFRA,55,596.0
NHPC,43,200,NIFRA,56,265.0
NHPC,45,1040,NIFRA,57,3082.0
NHPC,5,5000,NIFRA,58,1410.0
NHPC,50,1552,NIFRA,59,850.0
NHPC,51,170,NIFRA,6,635.0
NHPC,52,220,NIFRA,7,410.0
NHPC,54,100,NIFRA,8,130.0
NHPC,55,1500,NIL,13,50.0
NHPC,57,475,NIL,28,50.0
NHPC,58,1400,NIL,33,100.0
NHPC,6,770,NIL,41,600.0
NHPC,7,1760,NIL,46,200.0
NHPC,8,50,NIL,49,1000.0
NIBSF2,28,150,NIL,52,200.0
NIBSF2,58,100,NIL,55,18.0
NICA,1,100,NIL,56,40.0
NICA,10,500,NIL,58,150.0
NICA,11,50,NLBBL,18,25.0
NICA,13,465,NLBBL,25,12.0
NICA,14,50,NLBBL,26,20.0
NICA,17,200,NLBBL,28,200.0
NICA,18,4000,NLBBL,35,109.0
NICA,19,60,NLBBL,38,82.0
NICA,20,30,NLBBL,44,16.0
NICA,21,400,NLBBL,46,190.0
NICA,22,935,NLBBL,47,50.0
NICA,25,100,NLBBL,49,12.0
NICA,26,150,NLG,38,100.0
NICA,28,20,NLG,39,11.0
NICA,29,100,NLG,43,10.0
NICA,3,161,NLG,48,145.0
NICA,32,10,NLG,49,133.0
NICA,33,200,NLG,51,20.0
NICA,34,414,NLG,57,1128.0
NICA,35,350,NLIC,1,112.0
NICA,36,480,NLIC,10,200.0
NICA,38,60,NLIC,14,173.0
NICA,4,100,NLIC,16,156.0
NICA,42,281,NLIC,17,50.0
NICA,44,150,NLIC,21,330.0
NICA,45,175,NLIC,25,72.0
NICA,47,3065,NLIC,26,262.0
NICA,49,250,NLIC,29,10.0
NICA,5,230,NLIC,3,50.0
NICA,51,10,NLIC,32,300.0
NICA,52,50,NLIC,34,290.0
NICA,53,616,NLIC,35,63.0
NICA,54,154,NLIC,36,150.0
NICA,55,561,NLIC,38,404.0
NICA,56,100,NLIC,39,17.0
NICA,57,1250,NLIC,41,108.0
NICA,58,922,NLIC,42,194.0
NICA,59,50,NLIC,45,1005.0
NICA,8,430,NLIC,47,100.0
NICGF,11,400,NLIC,49,1500.0
NICL,13,120,NLIC,51,11.0
NICL,14,170,NLIC,55,820.0
NICL,26,80,NLIC,56,20.0
NICL,45,70,NLIC,57,279.0
NICL,49,20,NLIC,59,11.0
NICL,50,20,NLIC,6,209.0
NICL,6,50,NLIC,7,12.0
NICLBSL,21,70,NLICL,16,100.0
NICLBSL,26,40,NLICL,21,100.0
NICLBSL,29,10,NLICL,26,100.0
NICLBSL,3,20,NLICL,32,77.0
NICLBSL,35,360,NLICL,38,50.0
NICLBSL,42,10,NLICL,41,570.0
NICLBSL,45,10,NLICL,44,570.0
NICLBSL,47,17,NLICL,45,700.0
NICLBSL,58,170,NLICL,49,3356.0
NICLBSL,6,10,NLICL,51,90.0
NICSF,28,3100,NMB,1,748.0
NICSF,42,100,NMB,11,140.0
NICSF,45,1400,NMB,14,600.0
NIFRA,1,50,NMB,16,298.0
NIFRA,11,914,NMB,17,2000.0
NIFRA,13,100,NMB,18,300.0
NIFRA,14,710,NMB,22,200.0
NIFRA,16,795,NMB,25,256.0
NIFRA,17,760,NMB,26,200.0
NIFRA,19,1000,NMB,28,155.0
NIFRA,20,150,NMB,29,102.0
NIFRA,21,510,NMB,32,7694.0
NIFRA,22,200,NMB,34,816.0
NIFRA,25,100,NMB,35,50.0
NIFRA,26,100,NMB,36,300.0
NIFRA,28,760,NMB,37,115.0
NIFRA,29,560,NMB,38,952.0
NIFRA,3,106,NMB,39,5000.0
NIFRA,32,285,NMB,4,100.0
NIFRA,33,3190,NMB,41,50.0
NIFRA,34,553,NMB,49,584.0
NIFRA,35,910,NMB,5,25.0
NIFRA,36,560,NMB,50,100.0
NIFRA,37,500,NMB,51,120.0
NIFRA,38,414,NMB,52,441.0
NIFRA,39,50,NMB,54,2570.0
NIFRA,4,100,NMB,56,1332.0
NIFRA,40,1115,NMB,57,1215.0
NIFRA,41,750,NMB,58,385.0
NIFRA,42,3144,NMB,59,1621.0
NIFRA,43,1040,NMB,6,9030.0
NIFRA,44,230,NMB,8,24.0
NIFRA,45,1735,NMB50,28,24300.0
NIFRA,46,570,NMB50,44,1000.0
NIFRA,47,920,NMBHF1,19,1664.0
NIFRA,48,900,NMBHF1,58,2000.0
NIFRA,49,280,NMBMF,42,60.0
NIFRA,5,140,NMBMF,46,90.0
NIFRA,51,100,NMBMF,50,40.0
NIFRA,52,1280,NMBMF,55,150.0
NIFRA,53,1400,NMBMF,57,150.0
NIFRA,54,10,NRIC,14,158.0
NIFRA,55,1600,NRIC,17,40.0
NIFRA,56,150,NRIC,19,200.0
NIFRA,57,2343,NRIC,21,10.0
NIFRA,58,1017,NRIC,25,133.0
NIFRA,59,11,NRIC,26,170.0
NIFRA,6,300,NRIC,29,199.0
NIFRA,7,200,NRIC,32,625.0
NIFRA,8,800,NRIC,34,70.0
NIL,1,50,NRIC,35,240.0
NIL,14,780,NRIC,38,260.0
NIL,17,470,NRIC,41,20.0
NIL,18,50,NRIC,44,2015.0
NIL,32,40,NRIC,45,740.0
NIL,35,150,NRIC,46,40.0
NIL,43,50,NRIC,49,190.0
NIL,48,100,NRIC,50,300.0
NIL,49,100,NRIC,51,10.0
NIL,51,20,NRIC,54,66.0
NIL,55,200,NRIC,55,1000.0
NIL,56,30,NRIC,57,130.0
NIL,7,368,NRIC,58,200.0
NLBBL,19,50,NRIC,8,550.0
NLBBL,37,196,NRN,22,10.0
NLBBL,40,200,NRN,34,70.0
NLBBL,43,40,NRN,36,10.0
NLBBL,46,82,NRN,38,10.0
NLBBL,49,22,NRN,41,760.0
NLBBL,50,116,NRN,42,180.0
NLBBL,58,10,NRN,47,10.0
NLG,13,44,NRN,51,20.0
NLG,25,115,NRN,55,30.0
NLG,37,200,NRN,56,90.0
NLG,42,1128,NRN,58,50.0
NLG,45,10,NRN,59,10.0
NLG,58,50,NSLB,6,100.0
NLIC,1,50,NTC,17,22.0
NLIC,10,1565,NTC,33,100.0
NLIC,11,23,NTC,35,160.0
NLIC,13,20,NTC,36,10.0
NLIC,14,110,NTC,41,468.0
NLIC,17,60,NTC,59,10.0
NLIC,19,20,NUBL,14,140.0
NLIC,20,50,NUBL,3,50.0
NLIC,21,120,NUBL,32,150.0
NLIC,22,16,NUBL,35,90.0
NLIC,25,160,NUBL,5,20.0
NLIC,26,500,OHL,36,100.0
NLIC,29,25,PCBL,14,2250.0
NLIC,32,500,PCBL,16,300.0
NLIC,33,100,PCBL,17,346.0
NLIC,34,120,PCBL,19,110.0
NLIC,35,30,PCBL,21,50.0
NLIC,37,29,PCBL,22,237.0
NLIC,38,200,PCBL,26,700.0
NLIC,39,178,PCBL,28,500.0
NLIC,4,10,PCBL,32,500.0
NLIC,40,25,PCBL,35,236.0
NLIC,41,822,PCBL,36,20.0
NLIC,42,93,PCBL,38,100.0
NLIC,45,185,PCBL,41,970.0
NLIC,47,500,PCBL,42,97.0
NLIC,49,704,PCBL,44,3316.0
NLIC,50,90,PCBL,45,730.0
NLIC,52,75,PCBL,47,350.0
NLIC,55,130,PCBL,49,1701.0
NLIC,56,30,PCBL,5,450.0
NLIC,57,174,PCBL,50,17066.0
NLIC,58,134,PCBL,51,50.0
NLIC,6,60,PCBL,52,588.0
NLICL,14,400,PCBL,53,300.0
NLICL,21,150,PCBL,55,240.0
NLICL,22,500,PCBL,56,700.0
NLICL,3,30,PCBL,57,368.0
NLICL,34,1076,PCBL,58,12226.0
NLICL,37,2000,PCBL,59,780.0
NLICL,41,100,PCBL,6,1963.0
NLICL,42,100,PCBL,7,110.0
NLICL,43,477,PCBL,8,588.0
NLICL,48,50,PCBL,D01,3010.0
NLICL,55,20,PFL,14,200.0
NLICL,57,20,PFL,28,498.0
NLICL,59,50,PFL,33,340.0
NLICL,6,740,PFL,36,100.0
NMB,1,220,PFL,38,125.0
NMB,11,100,PFL,43,12.0
NMB,13,115,PFL,45,100.0
NMB,14,1400,PFL,47,100.0
NMB,16,6000,PFL,48,467.0
NMB,17,300,PFL,49,10.0
NMB,19,1150,PFL,50,50.0
NMB,21,460,PFL,52,110.0
NMB,25,1040,PFL,54,30.0
NMB,26,1820,PFL,57,40.0
NMB,29,840,PIC,14,200.0
NMB,3,500,PIC,16,100.0
NMB,32,460,PIC,19,10.0
NMB,33,50,PIC,3,209.0
NMB,34,401,PIC,32,70.0
NMB,35,184,PIC,33,100.0
NMB,36,70,PIC,42,30.0
NMB,37,150,PIC,48,40.0
NMB,38,422,PIC,51,10.0
NMB,39,200,PIC,52,400.0
NMB,41,385,PIC,58,20.0
NMB,42,1095,PICL,19,594.0
NMB,43,100,PICL,58,606.0
NMB,44,1170,PLI,1,10.0
NMB,45,250,PLI,10,10.0
NMB,46,530,PLI,11,72.0
NMB,47,5025,PLI,14,30.0
NMB,48,1600,PLI,17,10.0
NMB,49,775,PLI,21,20.0
NMB,50,2870,PLI,3,10.0
NMB,51,550,PLI,33,720.0
NMB,52,1014,PLI,34,350.0
NMB,53,1100,PLI,36,20.0
NMB,54,180,PLI,38,40.0
NMB,55,50,PLI,39,10.0
NMB,56,450,PLI,40,10.0
NMB,57,3047,PLI,41,10.0
NMB,58,800,PLI,42,10.0
NMB,59,50,PLI,43,10.0
NMB,6,450,PLI,44,10.0
NMB,7,150,PLI,45,40.0
NMB50,3,10000,PLI,46,10.0
NMB50,4,1000,PLI,47,10.0
NMB50,48,10300,PLI,49,20.0
NMB50,53,4000,PLI,50,10.0
NMBHF1,28,3664,PLI,51,10.0
NMBMF,16,20,PLI,55,10.0
NMBMF,33,340,PLI,56,10.0
NMBMF,36,20,PLI,58,100.0
NMBMF,41,10,PLI,59,10.0
NMBMF,45,90,PLI,6,10.0
NMBMF,49,10,PLI,7,20.0
NRIC,11,10,PLIC,14,755.0
NRIC,16,150,PLIC,16,200.0
NRIC,17,1550,PLIC,20,300.0
NRIC,20,40,PLIC,21,574.0
NRIC,21,36,PLIC,22,70.0
NRIC,22,20,PLIC,25,3650.0
NRIC,25,554,PLIC,3,1000.0
NRIC,26,73,PLIC,34,120.0
NRIC,32,150,PLIC,37,169.0
NRIC,34,232,PLIC,38,200.0
NRIC,35,100,PLIC,39,200.0
NRIC,37,100,PLIC,42,200.0
NRIC,38,300,PLIC,44,286.0
NRIC,41,120,PLIC,45,3845.0
NRIC,42,10,PLIC,49,4275.0
NRIC,44,100,PLIC,5,70.0
NRIC,45,125,PLIC,51,430.0
NRIC,46,61,PLIC,53,236.0
NRIC,47,150,PLIC,55,1595.0
NRIC,48,30,PLIC,59,200.0
NRIC,49,130,PLIC,6,300.0
NRIC,52,250,PMHPL,10,57.0
NRIC,55,200,PMHPL,19,20.0
NRIC,56,525,PMHPL,42,20.0
NRIC,57,195,PMHPL,55,295.0
NRIC,58,1946,PPCL,20,100.0
NRIC,59,70,PPCL,28,30.0
NRIC,7,139,PPCL,33,10.0
NRN,22,10,PPCL,34,30.0
NRN,38,100,PPCL,42,70.0
NRN,39,50,PPCL,49,30.0
NRN,40,40,PPCL,8,10.0
NRN,41,20,PRIN,14,20.0
NRN,42,10,PRIN,19,370.0
NRN,48,510,PRIN,26,110.0
NRN,53,180,PRIN,32,98.0
NRN,54,30,PRIN,36,100.0
NRN,55,200,PRIN,42,60.0
NRN,59,100,PRIN,50,30.0
NSLB,34,100,PROFL,14,440.0
NTC,16,30,PROFL,16,30.0
NTC,17,20,PROFL,17,860.0
NTC,33,200,PROFL,28,1340.0
NTC,35,23,PROFL,3,800.0
NTC,38,100,PROFL,34,40.0
NTC,42,130,PROFL,35,100.0
NTC,43,10,PROFL,38,50.0
NTC,45,10,PROFL,39,100.0
NTC,46,50,PROFL,4,1000.0
NTC,47,50,PROFL,40,105.0
NTC,49,15,PROFL,42,50.0
NTC,57,100,PROFL,45,90.0
NTC,58,32,PROFL,49,250.0
NUBL,17,50,PROFL,52,500.0
NUBL,29,200,PROFL,55,200.0
NUBL,42,50,PROFL,57,10.0
NUBL,46,50,PROFL,58,150.0
NUBL,49,10,PROFL,6,250.0
NUBL,58,90,PROFL,7,150.0
OHL,22,70,PRVU,1,4009.0
OHL,51,30,PRVU,10,300.0
PCBL,1,700,PRVU,14,1226.0
PCBL,11,70,PRVU,16,1357.0
PCBL,13,2450,PRVU,17,1360.0
PCBL,14,890,PRVU,22,200.0
PCBL,16,2470,PRVU,26,4908.0
PCBL,17,2109,PRVU,29,200.0
PCBL,18,400,PRVU,3,1360.0
PCBL,19,4670,PRVU,32,10730.0
PCBL,20,93,PRVU,33,800.0
PCBL,21,1849,PRVU,34,80.0
PCBL,22,575,PRVU,35,200.0
PCBL,25,1200,PRVU,36,100.0
PCBL,26,800,PRVU,38,1782.0
PCBL,28,300,PRVU,39,300.0
PCBL,29,945,PRVU,40,300.0
PCBL,32,1461,PRVU,41,2575.0
PCBL,33,1000,PRVU,42,213.0
PCBL,34,1000,PRVU,45,1800.0
PCBL,35,1030,PRVU,46,234.0
PCBL,36,1100,PRVU,47,300.0
PCBL,37,50,PRVU,48,100.0
PCBL,38,1190,PRVU,49,1332.0
PCBL,39,575,PRVU,5,1197.0
PCBL,4,10,PRVU,50,400.0
PCBL,40,1000,PRVU,51,20.0
PCBL,41,1348,PRVU,52,20.0
PCBL,42,2600,PRVU,53,330.0
PCBL,43,750,PRVU,54,1000.0
PCBL,44,100,PRVU,55,130.0
PCBL,45,4925,PRVU,56,119.0
PCBL,46,180,PRVU,57,3316.0
PCBL,47,40,PRVU,58,1385.0
PCBL,48,510,PRVU,59,300.0
PCBL,49,735,PRVU,6,500.0
PCBL,50,25,PRVU,7,1000.0
PCBL,51,490,PSF,11,100.0
PCBL,52,246,PSF,17,100.0
PCBL,53,1250,PSF,22,200.0
PCBL,54,685,PSF,57,1000.0
PCBL,55,3237,PSF,58,100.0
PCBL,56,2810,PSF,7,1100.0
PCBL,57,1008,RADHI,18,46.0
PCBL,58,705,RADHI,20,24.0
PCBL,59,220,RADHI,22,774.0
PCBL,6,881,RADHI,25,100.0
PCBL,7,220,RADHI,26,751.0
PCBL,8,50,RADHI,28,176.0
PFL,17,20,RADHI,29,12.0
PFL,21,50,RADHI,34,20.0
PFL,28,100,RADHI,36,336.0
PFL,43,80,RADHI,38,25.0
PFL,45,740,RADHI,39,18.0
PFL,46,10,RADHI,4,168.0
PFL,49,20,RADHI,41,250.0
PFL,51,307,RADHI,42,19.0
PFL,56,170,RADHI,45,146.0
PFL,57,300,RADHI,49,100.0
PFL,6,310,RADHI,5,30.0
PFL,7,75,RADHI,51,10.0
PIC,10,150,RADHI,52,18.0
PIC,11,250,RADHI,56,18.0
PIC,28,30,RADHI,57,150.0
PIC,37,50,RADHI,58,100.0
PIC,45,569,RADHI,59,50.0
PIC,47,20,RADHI,6,136.0
PIC,51,100,RADHI,7,200.0
PIC,58,20,RHPC,1,300.0
PICL,14,700,RHPC,14,10.0
PICL,55,500,RHPC,18,40.0
PLI,11,10,RHPC,22,400.0
PLI,16,30,RHPC,26,145.0
PLI,20,70,RHPC,28,550.0
PLI,21,300,RHPC,29,200.0
PLI,22,10,RHPC,3,1000.0
PLI,28,100,RHPC,32,20.0
PLI,29,170,RHPC,33,1112.0
PLI,35,100,RHPC,34,1250.0
PLI,38,10,RHPC,35,50.0
PLI,41,50,RHPC,38,4650.0
PLI,42,10,RHPC,39,298.0
PLI,45,130,RHPC,41,1115.0
PLI,47,30,RHPC,43,18.0
PLI,52,592,RHPC,44,7417.0
PLIC,1,500,RHPC,45,354.0
PLIC,11,450,RHPC,46,700.0
PLIC,13,200,RHPC,47,590.0
PLIC,14,1030,RHPC,49,2100.0
PLIC,17,200,RHPC,51,500.0
PLIC,20,1000,RHPC,52,50.0
PLIC,21,250,RHPC,53,510.0
PLIC,22,119,RHPC,55,400.0
PLIC,25,630,RHPC,56,2340.0
PLIC,29,392,RHPC,58,730.0
PLIC,32,2400,RHPC,59,97.0
PLIC,33,2000,RHPL,10,100.0
PLIC,34,200,RHPL,11,200.0
PLIC,35,1600,RHPL,13,500.0
PLIC,36,290,RHPL,14,10.0
PLIC,37,1000,RHPL,16,17.0
PLIC,38,10,RHPL,17,1000.0
PLIC,40,560,RHPL,18,100.0
PLIC,41,2071,RHPL,19,290.0
PLIC,43,160,RHPL,21,70.0
PLIC,45,865,RHPL,26,2600.0
PLIC,46,40,RHPL,28,40.0
PLIC,50,200,RHPL,33,500.0
PLIC,52,778,RHPL,34,90.0
PLIC,53,350,RHPL,35,335.0
PLIC,54,200,RHPL,36,50.0
PLIC,55,25,RHPL,38,40.0
PLIC,57,755,RHPL,40,40.0
PLIC,58,120,RHPL,41,20.0
PLIC,59,50,RHPL,42,200.0
PLIC,6,130,RHPL,45,990.0
PLIC,7,100,RHPL,47,400.0
PMHPL,46,20,RHPL,48,20.0
PMHPL,47,275,RHPL,49,90.0
PMHPL,49,20,RHPL,50,400.0
PMHPL,50,57,RHPL,52,450.0
PMHPL,52,20,RHPL,54,100.0
PPCL,14,200,RHPL,56,1810.0
PPCL,38,50,RHPL,57,220.0
PPCL,47,20,RHPL,58,803.0
PPCL,58,10,RHPL,59,70.0
PRIN,25,593,RHPL,6,70.0
PRIN,34,100,RHPL,7,50.0
PRIN,40,35,RHPL,8,10.0
PRIN,45,20,RLFL,1,1100.0
PRIN,48,30,RLFL,14,304.0
PRIN,59,10,RLFL,20,10.0
PROFL,10,100,RLFL,21,848.0
PROFL,14,100,RLFL,22,1038.0
PROFL,17,890,RLFL,28,200.0
PROFL,21,50,RLFL,34,210.0
PROFL,22,100,RLFL,4,1172.0
PROFL,28,300,RLFL,41,500.0
PROFL,34,960,RLFL,44,500.0
PROFL,38,30,RLFL,49,500.0
PROFL,40,500,RLFL,5,1000.0
PROFL,41,120,RLFL,51,1000.0
PROFL,45,50,RLFL,52,525.0
PROFL,47,450,RLFL,53,196.0
PROFL,48,10,RLFL,56,1005.0
PROFL,50,1595,RLFL,58,150.0
PROFL,55,200,RLI,10,10.0
PROFL,58,180,RLI,14,20.0
PROFL,59,110,RLI,22,10.0
PROFL,6,250,RLI,25,200.0
PROFL,7,500,RLI,26,10.0
PROFL,8,20,RLI,34,50.0
PRVU,1,860,RLI,36,10.0
PRVU,10,37,RLI,4,10.0
PRVU,11,100,RLI,41,10.0
PRVU,13,2164,RLI,42,10.0
PRVU,14,150,RLI,45,10.0
PRVU,16,240,RLI,55,10.0
PRVU,17,1691,RLI,56,10.0
PRVU,19,1140,RLI,58,110.0
PRVU,20,1000,RLI,59,10.0
PRVU,21,240,RLI,8,10.0
PRVU,22,710,RMDC,53,300.0
PRVU,26,1050,RMDC,59,300.0
PRVU,28,3100,RMF1,11,100.0
PRVU,29,2516,RMF1,17,100.0
PRVU,3,50,RMF1,45,100.0
PRVU,32,200,RRHP,11,20.0
PRVU,33,2300,RRHP,14,1100.0
PRVU,34,440,RRHP,17,45.0
PRVU,35,1134,RRHP,25,250.0
PRVU,36,300,RRHP,26,475.0
PRVU,37,300,RRHP,28,500.0
PRVU,38,810,RRHP,29,1500.0
PRVU,39,1198,RRHP,33,100.0
PRVU,4,100,RRHP,34,300.0
PRVU,40,755,RRHP,36,200.0
PRVU,41,800,RRHP,39,200.0
PRVU,42,1120,RRHP,40,3000.0
PRVU,43,25,RRHP,41,150.0
PRVU,44,1300,RRHP,42,357.0
PRVU,45,5634,RRHP,44,90.0
PRVU,46,640,RRHP,45,1701.0
PRVU,47,464,RRHP,47,2900.0
PRVU,48,2830,RRHP,48,500.0
PRVU,49,1243,RRHP,49,1000.0
PRVU,5,300,RRHP,53,800.0
PRVU,50,45,RRHP,56,4208.0
PRVU,51,195,RRHP,57,400.0
PRVU,52,400,RRHP,59,150.0
PRVU,53,320,RRHP,6,295.0
PRVU,54,2000,RSDC,34,50.0
PRVU,55,400,RSDC,38,8.0
PRVU,56,1343,RSDC,49,13.0
PRVU,57,671,RSDC,58,29.0
PRVU,58,438,RURU,16,24.0
PRVU,59,610,RURU,32,60.0
PRVU,6,2120,SABSL,22,50.0
PSF,28,1000,SABSL,39,10.0
PSF,46,300,SADBL,1,100.0
PSF,47,100,SADBL,13,829.0
PSF,49,200,SADBL,14,200.0
PSF,6,1000,SADBL,16,266.0
RADHI,16,260,SADBL,21,200.0
RADHI,17,40,SADBL,25,200.0
RADHI,20,274,SADBL,28,850.0
RADHI,21,12,SADBL,29,237.0
RADHI,22,8,SADBL,34,1520.0
RADHI,28,300,SADBL,36,800.0
RADHI,34,264,SADBL,4,1000.0
RADHI,35,25,SADBL,41,300.0
RADHI,41,284,SADBL,42,180.0
RADHI,45,1314,SADBL,43,250.0
RADHI,47,157,SADBL,44,214.0
RADHI,49,100,SADBL,46,3600.0
RADHI,50,132,SADBL,47,500.0
RADHI,51,165,SADBL,49,125.0
RADHI,52,160,SADBL,50,110.0
RADHI,53,40,SADBL,55,200.0
RADHI,54,50,SADBL,57,100.0
RADHI,55,82,SADBL,58,100.0
RADHI,58,10,SADBL,59,115.0
RHPC,11,1350,SADBL,7,650.0
RHPC,14,400,SAEF,35,10000.0
RHPC,16,1392,SANIMA,1,100.0
RHPC,19,3000,SANIMA,10,250.0
RHPC,21,300,SANIMA,13,1590.0
RHPC,32,515,SANIMA,14,1403.0
RHPC,35,400,SANIMA,17,400.0
RHPC,36,295,SANIMA,19,1300.0
RHPC,38,800,SANIMA,25,600.0
RHPC,39,4010,SANIMA,26,550.0
RHPC,4,3129,SANIMA,29,500.0
RHPC,40,200,SANIMA,33,270.0
RHPC,41,500,SANIMA,34,240.0
RHPC,42,500,SANIMA,35,1340.0
RHPC,43,835,SANIMA,36,2000.0
RHPC,45,1030,SANIMA,37,5344.0
RHPC,46,30,SANIMA,38,2876.0
RHPC,47,500,SANIMA,4,2800.0
RHPC,48,200,SANIMA,41,88.0
RHPC,50,1310,SANIMA,42,1670.0
RHPC,52,200,SANIMA,44,200.0
RHPC,54,10,SANIMA,45,1327.0
RHPC,58,5820,SANIMA,46,2577.0
RHPC,59,220,SANIMA,47,200.0
RHPL,1,100,SANIMA,49,21648.0
RHPL,13,400,SANIMA,5,200.0
RHPL,16,10,SANIMA,50,3036.0
RHPL,17,2265,SANIMA,51,200.0
RHPL,20,2600,SANIMA,52,12694.0
RHPL,22,30,SANIMA,54,2000.0
RHPL,26,180,SANIMA,56,300.0
RHPL,34,1000,SANIMA,57,1524.0
RHPL,35,100,SANIMA,58,2880.0
RHPL,36,200,SANIMA,59,3450.0
RHPL,42,186,SANIMA,6,3577.0
RHPL,44,844,SANIMA,7,1156.0
RHPL,47,100,SAPDBL,21,560.0
RHPL,48,500,SAPDBL,28,700.0
RHPL,49,600,SAPDBL,4,1000.0
RHPL,50,1310,SAPDBL,40,100.0
RHPL,53,500,SAPDBL,44,500.0
RHPL,55,300,SAPDBL,47,64.0
RHPL,58,460,SAPDBL,51,540.0
RLFL,13,320,SAPDBL,52,1000.0
RLFL,14,610,SAPDBL,56,130.0
RLFL,17,1000,SAPDBL,57,200.0
RLFL,19,14,SAPDBL,6,20.0
RLFL,21,550,SBCF,45,100.0
RLFL,29,916,SBCF,58,200.0
RLFL,32,400,SBI,14,108.0
RLFL,34,563,SBI,26,30.0
RLFL,36,50,SBI,36,50.0
RLFL,37,10,SBI,42,100.0
RLFL,39,426,SBI,53,200.0
RLFL,4,850,SBL,1,30.0
RLFL,40,2500,SBL,14,1300.0
RLFL,42,850,SBL,16,250.0
RLFL,43,170,SBL,17,500.0
RLFL,44,50,SBL,18,100.0
RLFL,46,140,SBL,26,200.0
RLFL,49,20,SBL,29,500.0
RLFL,56,220,SBL,3,1100.0
RLFL,57,50,SBL,32,200.0
RLFL,58,549,SBL,34,2000.0
RLI,26,50,SBL,36,3600.0
RLI,34,10,SBL,38,1872.0
RLI,42,20,SBL,42,200.0
RLI,45,40,SBL,43,50.0
RLI,49,10,SBL,44,100.0
RLI,50,100,SBL,45,4372.0
RLI,52,50,SBL,46,277.0
RLI,56,110,SBL,47,500.0
RLI,58,110,SBL,48,5200.0
RMDC,41,500,SBL,49,3827.0
RMDC,47,50,SBL,50,850.0
RMDC,49,50,SBL,51,50.0
RMF1,22,100,SBL,53,800.0
RMF1,58,200,SBL,54,373.0
RRHP,1,900,SBL,55,1120.0
RRHP,13,100,SBL,57,1680.0
RRHP,14,10,SCB,17,200.0
RRHP,19,2190,SCB,22,200.0
RRHP,25,750,SCB,41,60.0
RRHP,26,195,SCB,43,100.0
RRHP,28,850,SCB,44,1032.0
RRHP,3,200,SCB,58,21.0
RRHP,38,300,SCB,6,300.0
RRHP,39,13201,SCB,8,50.0
RRHP,41,670,SDLBSL,16,47.0
RRHP,42,50,SDLBSL,22,49.0
RRHP,43,110,SFCL,19,400.0
RRHP,5,100,SFCL,26,1142.0
RRHP,50,30,SFCL,28,540.0
RRHP,56,485,SFCL,3,500.0
RRHP,59,100,SFCL,36,50.0
RSDC,56,50,SFCL,38,759.0
RSDC,58,50,SFCL,39,290.0
RURU,43,34,SFCL,4,1574.0
RURU,57,50,SFCL,45,50.0
SABSL,16,10,SFCL,47,310.0
SABSL,45,50,SFCL,49,10.0
SADBL,14,1032,SFCL,52,1640.0
SADBL,16,200,SFCL,57,30.0
SADBL,19,100,SFCL,58,180.0
SADBL,21,217,SGI,10,500.0
SADBL,29,2020,SGI,14,10.0
SADBL,3,50,SGI,18,550.0
SADBL,32,100,SGI,21,20.0
SADBL,34,200,SGI,22,10.0
SADBL,38,989,SGI,26,100.0
SADBL,39,1295,SGI,3,20.0
SADBL,4,500,SGI,32,10.0
SADBL,43,100,SGI,41,50.0
SADBL,45,465,SGI,42,10.0
SADBL,46,610,SGI,43,20.0
SADBL,47,220,SGI,46,10.0
SADBL,49,513,SGI,49,104.0
SADBL,50,140,SGI,58,20.0
SADBL,53,550,SGI,59,10.0
SADBL,54,200,SHEL,10,200.0
SADBL,56,250,SHEL,13,30.0
SADBL,57,590,SHEL,14,850.0
SADBL,58,1205,SHEL,16,10.0
SADBL,59,1100,SHEL,21,60.0
SAEF,6,10000,SHEL,22,10.0
SANIMA,1,915,SHEL,25,10.0
SANIMA,11,840,SHEL,26,30.0
SANIMA,13,1100,SHEL,28,110.0
SANIMA,14,2590,SHEL,29,10.0
SANIMA,16,1718,SHEL,32,10.0
SANIMA,17,280,SHEL,33,20.0
SANIMA,18,200,SHEL,34,180.0
SANIMA,19,1160,SHEL,35,10.0
SANIMA,20,100,SHEL,36,20.0
SANIMA,21,743,SHEL,37,310.0
SANIMA,22,1750,SHEL,38,90.0
SANIMA,25,1440,SHEL,4,10.0
SANIMA,26,965,SHEL,40,10.0
SANIMA,28,1743,SHEL,41,10.0
SANIMA,29,2102,SHEL,42,10.0
SANIMA,3,1620,SHEL,45,40.0
SANIMA,32,2770,SHEL,46,10.0
SANIMA,33,210,SHEL,48,10.0
SANIMA,34,5525,SHEL,49,10.0
SANIMA,35,4470,SHEL,51,10.0
SANIMA,36,1835,SHEL,52,10.0
SANIMA,38,2595,SHEL,56,10.0
SANIMA,39,350,SHEL,57,20.0
SANIMA,4,830,SHEL,58,90.0
SANIMA,40,1400,SHEL,7,1000.0
SANIMA,41,1125,SHEL,8,20.0
SANIMA,42,3991,SHINE,14,100.0
SANIMA,43,510,SHINE,16,3250.0
SANIMA,44,2160,SHINE,20,430.0
SANIMA,45,8138,SHINE,22,50.0
SANIMA,46,115,SHINE,25,199.0
SANIMA,47,670,SHINE,28,300.0
SANIMA,48,2485,SHINE,3,540.0
SANIMA,49,2343,SHINE,32,100.0
SANIMA,5,850,SHINE,33,1050.0
SANIMA,50,5125,SHINE,34,2000.0
SANIMA,51,1223,SHINE,35,200.0
SANIMA,52,595,SHINE,36,670.0
SANIMA,53,1010,SHINE,38,120.0
SANIMA,54,275,SHINE,39,450.0
SANIMA,55,1007,SHINE,40,1032.0
SANIMA,56,330,SHINE,41,275.0
SANIMA,57,2650,SHINE,44,1707.0
SANIMA,58,2756,SHINE,45,950.0
SANIMA,59,900,SHINE,46,300.0
SANIMA,6,1274,SHINE,47,150.0
SANIMA,7,525,SHINE,48,100.0
SANIMA,8,982,SHINE,49,200.0
SAPDBL,10,100,SHINE,50,800.0
SAPDBL,13,1000,SHINE,51,152.0
SAPDBL,14,620,SHINE,55,200.0
SAPDBL,22,30,SHINE,56,750.0
SAPDBL,42,700,SHINE,57,92.0
SAPDBL,44,50,SHINE,58,2520.0
SAPDBL,45,650,SHINE,59,1000.0
SAPDBL,47,300,SHIVM,26,100.0
SAPDBL,51,30,SHIVM,28,180.0
SAPDBL,52,100,SHIVM,29,50.0
SAPDBL,53,720,SHIVM,36,150.0
SAPDBL,54,300,SHIVM,39,50.0
SAPDBL,59,100,SHIVM,45,50.0
SAPDBL,6,114,SHIVM,46,300.0
SBCF,28,300,SHIVM,52,280.0
SBI,16,20,SHIVM,55,50.0
SBI,19,10,SHIVM,57,35.0
SBI,35,100,SHL,32,100.0
SBI,42,18,SHL,36,900.0
SBI,49,150,SHL,43,200.0
SBI,51,90,SHL,52,500.0
SBI,58,100,SHL,55,200.0
SBL,1,900,SHL,58,100.0
SBL,10,950,SHL,59,100.0
SBL,11,442,SHL,6,100.0
SBL,13,1770,SHPC,14,10.0
SBL,14,1200,SHPC,18,100.0
SBL,16,1712,SHPC,20,1000.0
SBL,17,1000,SHPC,21,150.0
SBL,19,50,SHPC,25,40.0
SBL,21,260,SHPC,3,300.0
SBL,22,1100,SHPC,33,1200.0
SBL,25,10,SHPC,34,300.0
SBL,26,150,SHPC,35,1195.0
SBL,28,120,SHPC,37,300.0
SBL,29,2300,SHPC,38,50.0
SBL,32,3600,SHPC,39,50.0
SBL,33,300,SHPC,4,50.0
SBL,34,170,SHPC,40,1000.0
SBL,35,300,SHPC,41,200.0
SBL,36,600,SHPC,42,15.0
SBL,38,600,SHPC,43,300.0
SBL,39,2930,SHPC,45,83.0
SBL,4,100,SHPC,47,100.0
SBL,40,500,SHPC,49,727.0
SBL,41,900,SHPC,51,500.0
SBL,42,100,SHPC,52,100.0
SBL,43,405,SHPC,53,970.0
SBL,44,230,SHPC,55,52.0
SBL,45,1022,SHPC,57,600.0
SBL,46,900,SHPC,58,100.0
SBL,47,670,SHPC,59,50.0
SBL,48,750,SHPC,8,680.0
SBL,49,830,SIC,28,50.0
SBL,50,200,SIC,36,50.0
SBL,51,200,SIC,47,100.0
SBL,52,200,SIC,52,75.0
SBL,54,100,SICL,11,10.0
SBL,56,600,SICL,14,200.0
SBL,57,780,SICL,16,50.0
SBL,58,1400,SICL,17,10.0
SBL,59,600,SICL,26,40.0
SBL,8,100,SICL,29,50.0
SCB,16,10,SICL,33,1050.0
SCB,20,612,SICL,34,93.0
SCB,32,130,SICL,35,50.0
SCB,38,10,SICL,42,300.0
SCB,4,20,SICL,45,50.0
SCB,42,100,SICL,48,300.0
SCB,43,300,SICL,49,51.0
SCB,5,200,SICL,53,200.0
SCB,50,25,SICL,58,250.0
SCB,52,30,SICL,7,259.0
SCB,55,25,SIFC,10,910.0
SCB,57,400,SIFC,26,160.0
SCB,58,50,SIFC,28,200.0
SCB,6,51,SIFC,38,1610.0
SDLBSL,28,29,SIFC,4,118.0
SDLBSL,39,20,SIFC,44,200.0
SDLBSL,58,47,SIFC,45,80.0
SFCL,1,30,SIFC,47,150.0
SFCL,14,545,SIFC,51,382.0
SFCL,16,500,SIFC,52,400.0
SFCL,26,50,SIFC,55,40.0
SFCL,28,100,SIFC,56,300.0
SFCL,29,750,SIFC,57,834.0
SFCL,35,345,SIGS2,10,2100.0
SFCL,38,500,SIGS2,28,10000.0
SFCL,4,784,SIGS2,33,2000.0
SFCL,41,50,SIGS2,34,2000.0
SFCL,42,1450,SIGS2,57,2000.0
SFCL,43,1640,SIGS2,58,500.0
SFCL,46,130,SIL,36,100.0
SFCL,5,100,SIL,38,97.0
SFCL,51,51,SIL,41,100.0
SFCL,55,50,SIL,45,19.0
SFCL,57,100,SIL,5,48.0
SFCL,6,300,SINDU,11,130.0
SGI,11,10,SINDU,25,50.0
SGI,35,210,SINDU,34,40.0
SGI,44,699,SINDU,35,910.0
SGI,47,100,SINDU,39,210.0
SGI,53,165,SINDU,4,3280.0
SGI,55,260,SINDU,42,560.0
SHEL,14,250,SINDU,43,50.0
SHEL,18,160,SINDU,44,700.0
SHEL,21,160,SINDU,5,500.0
SHEL,25,10,SINDU,50,950.0
SHEL,28,470,SINDU,51,200.0
SHEL,3,400,SINDU,57,232.0
SHEL,38,10,SINDU,58,520.0
SHEL,43,20,SINDU,7,500.0
SHEL,47,1180,SJCL,1,40.0
SHEL,52,40,SJCL,10,100.0
SHEL,53,70,SJCL,17,70.0
SHEL,57,120,SJCL,21,40.0
SHEL,58,300,SJCL,35,110.0
SHEL,59,40,SJCL,36,40.0
SHINE,10,700,SJCL,38,25.0
SHINE,11,350,SJCL,40,20.0
SHINE,13,2240,SJCL,41,686.0
SHINE,16,600,SJCL,45,580.0
SHINE,19,218,SJCL,47,100.0
SHINE,21,670,SJCL,49,40.0
SHINE,22,92,SJCL,50,35.0
SHINE,25,100,SJCL,54,140.0
SHINE,26,500,SJCL,56,860.0
SHINE,32,517,SJCL,58,40.0
SHINE,35,720,SJCL,59,80.0
SHINE,36,300,SJCL,6,180.0
SHINE,37,12,SJCL,8,10.0
SHINE,38,390,SKBBL,45,124.0
SHINE,4,995,SKBBL,52,20.0
SHINE,41,100,SLBBL,34,700.0
SHINE,42,2300,SLBBL,36,32.0
SHINE,44,100,SLCF,11,200.0
SHINE,45,704,SLI,1,40.0
SHINE,47,700,SLI,10,30.0
SHINE,48,510,SLI,11,30.0
SHINE,49,400,SLI,13,210.0
SHINE,51,340,SLI,14,130.0
SHINE,52,800,SLI,16,50.0
SHINE,53,260,SLI,17,80.0
SHINE,55,500,SLI,19,30.0
SHINE,56,95,SLI,20,10.0
SHINE,57,2260,SLI,21,230.0
SHINE,58,1864,SLI,22,50.0
SHINE,6,150,SLI,25,20.0
SHINE,8,200,SLI,26,60.0
SHIVM,28,200,SLI,28,90.0
SHIVM,42,38,SLI,29,70.0
SHIVM,43,20,SLI,3,60.0
SHIVM,44,30,SLI,32,50.0
SHIVM,45,400,SLI,34,190.0
SHIVM,49,62,SLI,35,100.0
SHIVM,54,75,SLI,36,90.0
SHIVM,55,10,SLI,37,10.0
SHIVM,57,400,SLI,38,120.0
SHIVM,58,10,SLI,39,20.0
SHL,11,500,SLI,4,20.0
SHL,21,500,SLI,41,80.0
SHL,22,100,SLI,42,60.0
SHL,25,600,SLI,43,10.0
SHL,46,100,SLI,44,10.0
SHL,52,100,SLI,45,80.0
SHL,6,100,SLI,46,20.0
SHL,7,200,SLI,47,240.0
SHPC,1,75,SLI,48,40.0
SHPC,10,20,SLI,49,90.0
SHPC,11,50,SLI,50,30.0
SHPC,13,10,SLI,51,30.0
SHPC,14,50,SLI,52,80.0
SHPC,17,300,SLI,54,20.0
SHPC,19,100,SLI,55,40.0
SHPC,21,260,SLI,56,70.0
SHPC,22,150,SLI,57,120.0
SHPC,26,90,SLI,58,310.0
SHPC,29,50,SLI,59,140.0
SHPC,32,250,SLI,6,80.0
SHPC,34,150,SLI,7,40.0
SHPC,36,50,SLI,8,10.0
SHPC,38,145,SLICL,16,13.0
SHPC,39,1500,SLICL,26,3543.0
SHPC,43,52,SLICL,33,75.0
SHPC,45,500,SLICL,34,15.0
SHPC,46,500,SLICL,39,200.0
SHPC,47,195,SLICL,45,2350.0
SHPC,48,500,SLICL,46,25.0
SHPC,49,625,SLICL,49,1586.0
SHPC,50,1620,SLICL,54,100.0
SHPC,52,150,SLICL,56,30.0
SHPC,55,100,SLICL,6,200.0
SHPC,57,375,SMFBS,21,2.0
SHPC,58,1205,SMFBS,53,14.0
SHPC,6,100,SPDL,20,200.0
SHPC,7,50,SPDL,29,300.0
SHPC,8,1000,SPDL,34,300.0
SIC,13,100,SPDL,35,775.0
SIC,29,50,SPDL,42,200.0
SIC,40,125,SPDL,45,1060.0
SICL,22,30,SPDL,48,2030.0
SICL,32,66,SPDL,49,3000.0
SICL,38,1482,SPDL,52,2000.0
SICL,45,1000,SPDL,57,140.0
SICL,46,50,SPDL,58,275.0
SICL,54,35,SPDL,6,100.0
SICL,6,100,SRBL,11,30.0
SICL,7,200,SRBL,14,790.0
SIFC,16,340,SRBL,16,1300.0
SIFC,28,50,SRBL,18,140.0
SIFC,34,10,SRBL,22,400.0
SIFC,35,100,SRBL,25,297.0
SIFC,36,300,SRBL,26,729.0
SIFC,38,10,SRBL,28,150.0
SIFC,41,200,SRBL,3,3280.0
SIFC,42,1000,SRBL,32,150.0
SIFC,43,100,SRBL,33,1365.0
SIFC,44,50,SRBL,34,2067.0
SIFC,45,500,SRBL,35,1020.0
SIFC,48,100,SRBL,39,2000.0
SIFC,49,50,SRBL,41,500.0
SIFC,50,10,SRBL,42,777.0
SIFC,52,350,SRBL,44,5013.0
SIFC,53,100,SRBL,45,2556.0
SIFC,55,180,SRBL,46,50.0
SIFC,59,954,SRBL,48,250.0
SIFC,7,350,SRBL,49,4400.0
SIFC,8,630,SRBL,51,83.0
SIGS2,32,2000,SRBL,53,2100.0
SIGS2,38,100,SRBL,56,320.0
SIGS2,48,16500,SRBL,57,100.0
SIL,13,100,SRBL,58,940.0
SIL,20,19,SRBL,6,1000.0
SIL,25,82,SSHL,10,200.0
SIL,42,55,SSHL,14,200.0
SIL,43,108,SSHL,21,100.0
SINDU,16,202,SSHL,22,100.0
SINDU,22,30,SSHL,26,1110.0
SINDU,28,2030,SSHL,28,500.0
SINDU,33,2780,SSHL,29,500.0
SINDU,38,30,SSHL,35,150.0
SINDU,40,210,SSHL,40,100.0
SINDU,41,900,SSHL,41,150.0
SINDU,49,100,SSHL,42,360.0
SINDU,51,750,SSHL,44,1000.0
SINDU,52,1800,SSHL,45,630.0
SJCL,1,40,SSHL,46,100.0
SJCL,16,476,SSHL,47,100.0
SJCL,17,1500,SSHL,49,25.0
SJCL,19,15,SSHL,50,500.0
SJCL,21,225,SSHL,55,200.0
SJCL,28,50,SSHL,56,2446.0
SJCL,34,150,SSHL,57,417.0
SJCL,38,10,SSHL,58,100.0
SJCL,41,310,STC,33,10.0
SJCL,46,50,STC,57,500.0
SJCL,49,80,STC,58,54.0
SJCL,58,190,SWBBL,26,107.0
SJCL,6,100,SWBBL,3,751.0
SKBBL,25,10,SWBBL,33,10.0
SKBBL,46,30,SWBBL,36,185.0
SKBBL,49,10,SWBBL,38,11.0
SKBBL,58,94,SWBBL,39,100.0
SLBBL,28,200,SWBBL,47,1.0
SLBBL,44,200,SWBBL,53,289.0
SLBBL,51,32,TRH,34,140.0
SLBBL,57,300,TRH,45,110.0
SLCF,11,200,TRH,52,200.0
SLI,1,200,UIC,26,100.0
SLI,13,20,UIC,28,50.0
SLI,17,70,UIC,36,60.0
SLI,20,30,UIC,45,480.0
SLI,21,120,ULI,13,20.0
SLI,22,30,ULI,16,40.0
SLI,26,80,ULI,17,50.0
SLI,28,10,ULI,20,30.0
SLI,29,100,ULI,21,80.0
SLI,34,370,ULI,22,50.0
SLI,35,90,ULI,25,100.0
SLI,37,70,ULI,26,70.0
SLI,4,10,ULI,32,30.0
SLI,40,190,ULI,34,50.0
SLI,41,20,ULI,35,40.0
SLI,44,60,ULI,36,70.0
SLI,45,296,ULI,37,10.0
SLI,46,80,ULI,38,70.0
SLI,47,100,ULI,39,90.0
SLI,5,100,ULI,4,20.0
SLI,50,120,ULI,41,30.0
SLI,51,124,ULI,42,110.0
SLI,53,20,ULI,45,110.0
SLI,55,200,ULI,46,30.0
SLI,57,480,ULI,49,110.0
SLI,58,220,ULI,50,20.0
SLI,59,20,ULI,51,20.0
SLI,6,110,ULI,52,70.0
SLI,7,50,ULI,54,10.0
SLICL,10,1500,ULI,55,10.0
SLICL,19,30,ULI,56,60.0
SLICL,21,50,ULI,57,70.0
SLICL,22,1200,ULI,58,170.0
SLICL,29,15,ULI,59,20.0
SLICL,33,225,ULI,6,10.0
SLICL,34,289,ULI,7,40.0
SLICL,35,221,ULI,8,80.0
SLICL,37,2316,UMHL,1,1000.0
SLICL,38,175,UMHL,10,7000.0
SLICL,41,125,UMHL,11,600.0
SLICL,42,165,UMHL,14,100.0
SLICL,44,100,UMHL,16,5050.0
SLICL,45,300,UMHL,17,490.0
SLICL,47,50,UMHL,19,1264.0
SLICL,48,200,UMHL,20,16.0
SLICL,52,326,UMHL,22,1000.0
SLICL,57,500,UMHL,25,3000.0
SLICL,59,50,UMHL,26,500.0
SLICL,7,300,UMHL,29,200.0
SMFBS,21,2,UMHL,3,150.0
SMFBS,58,14,UMHL,32,100.0
SPDL,1,130,UMHL,33,3700.0
SPDL,20,500,UMHL,34,1000.0
SPDL,38,1000,UMHL,35,1660.0
SPDL,4,200,UMHL,36,92.0
SPDL,43,40,UMHL,38,1300.0
SPDL,48,700,UMHL,4,5100.0
SPDL,49,200,UMHL,40,2000.0
SPDL,51,300,UMHL,41,1400.0
SPDL,52,6250,UMHL,42,285.0
SPDL,54,100,UMHL,43,50.0
SPDL,55,120,UMHL,44,681.0
SPDL,57,600,UMHL,45,5631.0
SPDL,58,240,UMHL,46,3971.0
SRBL,1,50,UMHL,48,100.0
SRBL,13,875,UMHL,49,2240.0
SRBL,14,10,UMHL,50,65.0
SRBL,16,350,UMHL,52,150.0
SRBL,17,800,UMHL,53,50.0
SRBL,18,1060,UMHL,54,440.0
SRBL,21,2100,UMHL,55,500.0
SRBL,22,1664,UMHL,56,300.0
SRBL,28,50,UMHL,57,718.0
SRBL,29,1530,UMHL,58,6850.0
SRBL,3,200,UMHL,59,3254.0
SRBL,32,100,UMHL,6,1031.0
SRBL,34,150,UMHL,7,119.0
SRBL,35,660,UMRH,10,45.0
SRBL,36,1100,UMRH,25,455.0
SRBL,38,30,UMRH,38,10.0
SRBL,4,500,UMRH,40,10.0
SRBL,42,670,UMRH,44,10.0
SRBL,44,790,UMRH,45,20.0
SRBL,45,4203,UMRH,55,40.0
SRBL,47,530,UMRH,59,10.0
SRBL,48,1000,UNHPL,14,600.0
SRBL,5,150,UNHPL,25,290.0
SRBL,51,170,UNHPL,26,4550.0
SRBL,52,3029,UNHPL,28,50.0
SRBL,53,100,UNHPL,32,200.0
SRBL,54,20,UNHPL,33,50.0
SRBL,55,100,UNHPL,34,490.0
SRBL,56,200,UNHPL,41,250.0
SRBL,57,1250,UNHPL,42,499.0
SRBL,58,190,UNHPL,45,110.0
SRBL,59,450,UNHPL,49,300.0
SRBL,6,7156,UNHPL,50,100.0
SRBL,7,70,UNHPL,52,600.0
SRBL,8,500,UNHPL,58,50.0
SSHL,1,100,UNHPL,59,130.0
SSHL,10,500,UNHPL,7,1.0
SSHL,16,100,UPCL,11,7240.0
SSHL,17,555,UPCL,14,500.0
SSHL,19,300,UPCL,16,4080.0
SSHL,22,1083,UPCL,19,150.0
SSHL,28,1500,UPCL,21,1100.0
SSHL,29,400,UPCL,22,50.0
SSHL,33,200,UPCL,25,350.0
SSHL,36,410,UPCL,26,850.0
SSHL,4,50,UPCL,28,11.0
SSHL,41,190,UPCL,3,954.0
SSHL,42,50,UPCL,32,4080.0
SSHL,43,200,UPCL,33,150.0
SSHL,45,720,UPCL,34,1850.0
SSHL,47,70,UPCL,36,575.0
SSHL,48,675,UPCL,38,550.0
SSHL,50,100,UPCL,4,100.0
SSHL,51,100,UPCL,41,500.0
SSHL,53,50,UPCL,42,200.0
SSHL,54,1000,UPCL,43,500.0
SSHL,55,300,UPCL,44,620.0
SSHL,57,160,UPCL,45,2600.0
SSHL,58,175,UPCL,46,500.0
STC,14,10,UPCL,47,400.0
STC,38,14,UPCL,49,2000.0
STC,4,65,UPCL,51,104.0
STC,59,475,UPCL,52,500.0
SWBBL,13,30,UPCL,54,170.0
SWBBL,14,40,UPCL,55,300.0
SWBBL,16,10,UPCL,56,500.0
SWBBL,26,46,UPCL,57,2564.0
SWBBL,28,11,UPCL,58,909.0
SWBBL,33,90,UPCL,59,2640.0
SWBBL,37,200,UPCL,6,250.0
SWBBL,42,85,UPCL,7,500.0
SWBBL,46,30,UPCL,8,3500.0
SWBBL,47,1,UPPER,11,195.0
SWBBL,55,511,UPPER,14,40.0
SWBBL,58,50,UPPER,16,300.0
SWBBL,59,350,UPPER,20,250.0
TRH,16,50,UPPER,21,100.0
TRH,25,70,UPPER,22,99.0
TRH,42,230,UPPER,25,20.0
TRH,46,40,UPPER,28,35.0
TRH,49,60,UPPER,3,50.0
UIC,13,50,UPPER,32,850.0
UIC,34,40,UPPER,33,1050.0
UIC,48,600,UPPER,34,150.0
ULI,17,20,UPPER,35,37.0
ULI,19,10,UPPER,38,50.0
ULI,21,130,UPPER,39,527.0
ULI,25,10,UPPER,40,675.0
ULI,26,50,UPPER,41,50.0
ULI,33,10,UPPER,42,400.0
ULI,34,70,UPPER,43,381.0
ULI,35,30,UPPER,44,100.0
ULI,38,400,UPPER,45,1025.0
ULI,41,190,UPPER,46,1000.0
ULI,42,50,UPPER,47,2080.0
ULI,44,50,UPPER,48,64.0
ULI,45,100,UPPER,49,820.0
ULI,47,190,UPPER,5,52.0
ULI,51,110,UPPER,50,470.0
ULI,53,10,UPPER,52,652.0
ULI,55,100,UPPER,53,122.0
ULI,58,160,UPPER,54,33.0
ULI,59,100,UPPER,55,1230.0
UMHL,1,1100,UPPER,56,328.0
UMHL,11,100,UPPER,57,1600.0
UMHL,14,616,UPPER,58,165.0
UMHL,16,5640,UPPER,59,200.0
UMHL,17,32,UPPER,6,181.0
UMHL,18,30,UPPER,7,211.0
UMHL,19,7570,UPPER,8,215.0
UMHL,20,8050,VLBS,32,38.0
UMHL,21,550,VLBS,34,20.0
UMHL,25,150,VLBS,51,15.0
UMHL,26,1881,,,
UMHL,28,1480,,,
UMHL,29,1088,,,
UMHL,3,700,,,
UMHL,32,1550,,,
UMHL,33,1500,,,
UMHL,34,100,,,
UMHL,35,180,,,
UMHL,36,138,,,
UMHL,38,186,,,
UMHL,39,150,,,
UMHL,4,1000,,,
UMHL,40,200,,,
UMHL,41,1565,,,
UMHL,42,2000,,,
UMHL,44,500,,,
UMHL,45,2745,,,
UMHL,46,100,,,
UMHL,47,3100,,,
UMHL,48,1300,,,
UMHL,49,3300,,,
UMHL,5,10000,,,
UMHL,50,280,,,
UMHL,52,250,,,
UMHL,54,100,,,
UMHL,55,2091,,,
UMHL,56,200,,,
UMHL,57,100,,,
UMHL,58,485,,,
UMHL,59,1050,,,
UMRH,1,50,,,
UMRH,17,500,,,
UMRH,21,10,,,
UMRH,52,40,,,
UNHPL,14,450,,,
UNHPL,17,150,,,
UNHPL,21,50,,,
UNHPL,22,20,,,
UNHPL,25,810,,,
UNHPL,26,100,,,
UNHPL,28,380,,,
UNHPL,34,50,,,
UNHPL,36,70,,,
UNHPL,40,20,,,
UNHPL,45,100,,,
UNHPL,46,430,,,
UNHPL,47,70,,,
UNHPL,48,750,,,
UNHPL,49,125,,,
UNHPL,50,485,,,
UNHPL,51,50,,,
UNHPL,52,790,,,
UNHPL,53,100,,,
UNHPL,58,1689,,,
UNHPL,59,50,,,
UNHPL,6,300,,,
UNHPL,7,1,,,
UNHPL,8,1230,,,
UPCL,10,300,,,
UPCL,13,779,,,
UPCL,18,10,,,
UPCL,19,2250,,,
UPCL,20,1106,,,
UPCL,22,500,,,
UPCL,26,200,,,
UPCL,28,1000,,,
UPCL,32,110,,,
UPCL,33,200,,,
UPCL,34,3065,,,
UPCL,38,100,,,
UPCL,39,7094,,,
UPCL,40,200,,,
UPCL,41,400,,,
UPCL,42,4000,,,
UPCL,43,100,,,
UPCL,44,540,,,
UPCL,45,510,,,
UPCL,47,2700,,,
UPCL,48,1050,,,
UPCL,5,10600,,,
UPCL,50,500,,,
UPCL,52,435,,,
UPCL,53,490,,,
UPCL,55,205,,,
UPCL,57,133,,,
UPCL,58,280,,,
UPCL,59,1050,,,
UPCL,6,1300,,,
UPCL,7,640,,,
UPPER,1,455,,,
UPPER,11,720,,,
UPPER,14,150,,,
UPPER,16,100,,,
UPPER,17,1030,,,
UPPER,19,250,,,
UPPER,22,355,,,
UPPER,28,1152,,,
UPPER,29,300,,,
UPPER,3,700,,,
UPPER,32,100,,,
UPPER,34,480,,,
UPPER,35,2000,,,
UPPER,36,100,,,
UPPER,37,145,,,
UPPER,38,130,,,
UPPER,39,20,,,
UPPER,4,200,,,
UPPER,41,578,,,
UPPER,42,110,,,
UPPER,43,149,,,
UPPER,44,200,,,
UPPER,45,400,,,
UPPER,47,350,,,
UPPER,48,50,,,
UPPER,49,300,,,
UPPER,50,199,,,
UPPER,51,350,,,
UPPER,53,200,,,
UPPER,55,2050,,,
UPPER,56,50,,,
UPPER,57,400,,,
UPPER,58,895,,,
UPPER,59,919,,,
UPPER,6,150,,,
UPPER,7,20,,,
UPPER,8,50,,,
VLBS,14,58,,,
VLBS,45,15,,,
